seed,dataset,alpha,acc,disparity,time
0,COMPAS,0.4,0.5615530303030303,0.2488479262672811,0.216194
0,COMPAS,0.4111111111111111,0.5643939393939394,0.256723517121816,0.1844540000000001
0,COMPAS,0.4222222222222222,0.6079545454545454,0.0940255160253085,0.1884769999999997
0,COMPAS,0.4333333333333333,0.6382575757575758,0.0527583090076607,0.185937
0,COMPAS,0.4444444444444445,0.6524621212121212,0.1729073747536562,0.1866130000000003
0,COMPAS,0.4555555555555555,0.6524621212121212,0.2493813623364499,0.1873519999999997
0,COMPAS,0.4666666666666667,0.6477272727272727,0.2888778579578289,0.1790920000000007
0,COMPAS,0.4777777777777777,0.6448863636363636,0.3001318772504334,0.1869650000000007
0,COMPAS,0.4888888888888889,0.6458333333333334,0.3074740320357995,0.1796509999999997
0,COMPAS,0.5,0.6439393939393939,0.3203357683702046,0.1752180000000009
1,COMPAS,0.4,0.5748106060606061,0.2517162471395881,0.171101
1,COMPAS,0.4111111111111111,0.6089015151515151,0.1463052165780046,0.174563
1,COMPAS,0.4222222222222222,0.646780303030303,0.0062254392742409,0.1814559999999998
1,COMPAS,0.4333333333333333,0.6609848484848485,0.1326380853447097,0.1778170000000001
1,COMPAS,0.4444444444444445,0.6732954545454546,0.2117980207243542,0.175606000000001
1,COMPAS,0.4555555555555555,0.6751893939393939,0.2707622466294274,0.1806089999999995
1,COMPAS,0.4666666666666667,0.6628787878787878,0.3072461303571495,0.1837569999999999
1,COMPAS,0.4777777777777777,0.665719696969697,0.312092657013046,0.1833489999999997
1,COMPAS,0.4888888888888889,0.665719696969697,0.3282477458660347,0.1743469999999991
1,COMPAS,0.5,0.665719696969697,0.3282477458660347,0.1669249999999991
2,COMPAS,0.4,0.5482954545454546,0.1881234206676419,0.1801029999999999
2,COMPAS,0.4111111111111111,0.6117424242424242,0.0712417431396018,0.185783
2,COMPAS,0.4222222222222222,0.6600378787878788,0.1138670922551757,0.1930870000000002
2,COMPAS,0.4333333333333333,0.6742424242424242,0.220552378419116,0.187721999999999
2,COMPAS,0.4444444444444445,0.6714015151515151,0.2623354169437425,0.1821479999999997
2,COMPAS,0.4555555555555555,0.6742424242424242,0.2723323136941969,0.1848259999999992
2,COMPAS,0.4666666666666667,0.6695075757575758,0.2875604025357982,0.1823219999999992
2,COMPAS,0.4777777777777777,0.6732954545454546,0.303741632309261,0.1789179999999994
2,COMPAS,0.4888888888888889,0.6732954545454546,0.303741632309261,0.1693540000000002
2,COMPAS,0.5,0.6742424242424242,0.3118322471959923,0.1654540000000004
3,COMPAS,0.4,0.5767045454545454,0.1754982147072157,0.190101
3,COMPAS,0.4111111111111111,0.6458333333333334,0.0107529701801778,0.1800699999999997
3,COMPAS,0.4222222222222222,0.6609848484848485,0.136469054300626,0.1841660000000002
3,COMPAS,0.4333333333333333,0.6893939393939394,0.2126390486431399,0.1937569999999997
3,COMPAS,0.4444444444444445,0.6837121212121212,0.2464865512939157,0.1816049999999993
3,COMPAS,0.4555555555555555,0.6818181818181818,0.2724210668295223,0.1833089999999995
3,COMPAS,0.4666666666666667,0.6827651515151515,0.276313866835517,0.1767000000000003
3,COMPAS,0.4777777777777777,0.6827651515151515,0.276313866835517,0.1710909999999987
3,COMPAS,0.4888888888888889,0.6827651515151515,0.276313866835517,0.1571999999999995
3,COMPAS,0.5,0.6818181818181818,0.2810234429736646,0.1495250000000005
4,COMPAS,0.4,0.5340909090909091,0.3095673185834026,0.188413
4,COMPAS,0.4111111111111111,0.5568181818181818,0.24586574039115,0.1858189999999999
4,COMPAS,0.4222222222222222,0.5965909090909091,0.1556142867930227,0.1911819999999999
4,COMPAS,0.4333333333333333,0.6354166666666666,0.0320093634372876,0.1908289999999999
4,COMPAS,0.4444444444444445,0.6647727272727273,0.0734878803896398,0.1853870000000004
4,COMPAS,0.4555555555555555,0.6647727272727273,0.1367665936721286,0.1861570000000005
4,COMPAS,0.4666666666666667,0.6732954545454546,0.1635052480555765,0.1770789999999991
4,COMPAS,0.4777777777777777,0.6723484848484849,0.166367137355584,0.1916250000000001
4,COMPAS,0.4888888888888889,0.6695075757575758,0.1927282337838858,0.1825340000000004
4,COMPAS,0.5,0.6695075757575758,0.2037982330287699,0.1841350000000012
5,COMPAS,0.4,0.5369318181818182,0.2436454550866122,0.186565
5,COMPAS,0.4111111111111111,0.5833333333333334,0.1594588963628787,0.1928399999999996
5,COMPAS,0.4222222222222222,0.6496212121212122,0.0243020417882016,0.1884029999999996
5,COMPAS,0.4333333333333333,0.6647727272727273,0.1375825942020358,0.182728
5,COMPAS,0.4444444444444445,0.6770833333333334,0.1945949163640693,0.1891060000000006
5,COMPAS,0.4555555555555555,0.6714015151515151,0.2168879099946425,0.1805139999999996
5,COMPAS,0.4666666666666667,0.6704545454545454,0.2341954878266563,0.1799500000000016
5,COMPAS,0.4777777777777777,0.6714015151515151,0.2421572712661468,0.181108
5,COMPAS,0.4888888888888889,0.6732954545454546,0.2531995952140008,0.1746259999999981
5,COMPAS,0.5,0.6732954545454546,0.2531995952140008,0.1639370000000006
6,COMPAS,0.4,0.5445075757575758,0.2354312354312354,0.1825999999999999
6,COMPAS,0.4111111111111111,0.5757575757575758,0.1850079744816587,0.1809569999999998
6,COMPAS,0.4222222222222222,0.6164772727272727,0.0536130536130536,0.1815220000000001
6,COMPAS,0.4333333333333333,0.6429924242424242,0.0722610722610722,0.1869259999999997
6,COMPAS,0.4444444444444445,0.65625,0.1551956815114709,0.1898790000000003
6,COMPAS,0.4555555555555555,0.6723484848484849,0.2110170531223162,0.1839799999999991
6,COMPAS,0.4666666666666667,0.6723484848484849,0.2522389890810943,0.1766860000000001
6,COMPAS,0.4777777777777777,0.6732954545454546,0.2570236780763096,0.1554499999999983
6,COMPAS,0.4888888888888889,0.6761363636363636,0.2777573303889093,0.1633300000000002
6,COMPAS,0.5,0.678030303030303,0.2762851183903815,0.1524210000000021
7,COMPAS,0.4,0.5539772727272727,0.2553699284009546,0.197903
7,COMPAS,0.4111111111111111,0.5511363636363636,0.2554336219525446,0.177262
7,COMPAS,0.4222222222222222,0.5994318181818182,0.1422127139822332,0.175348
7,COMPAS,0.4333333333333333,0.6429924242424242,0.0101272747027946,0.1747450000000006
7,COMPAS,0.4444444444444445,0.6742424242424242,0.1365964414038058,0.1747430000000003
7,COMPAS,0.4555555555555555,0.6931818181818182,0.211132883482014,0.1832130000000003
7,COMPAS,0.4666666666666667,0.7017045454545454,0.244099916449047,0.1848590000000012
7,COMPAS,0.4777777777777777,0.7017045454545454,0.265388549398096,0.1766480000000001
7,COMPAS,0.4888888888888889,0.7017045454545454,0.2905062888015496,0.1770519999999997
7,COMPAS,0.5,0.696969696969697,0.3079021217446038,0.1724759999999978
8,COMPAS,0.4,0.5359848484848485,0.256525393480939,0.1832479999999999
8,COMPAS,0.4111111111111111,0.5833333333333334,0.1719687287716025,0.186306
8,COMPAS,0.4222222222222222,0.6363636363636364,0.0041219071304387,0.1852059999999999
8,COMPAS,0.4333333333333333,0.6723484848484849,0.1319470830023142,0.1886870000000007
8,COMPAS,0.4444444444444445,0.6808712121212122,0.1977479188974474,0.1823869999999994
8,COMPAS,0.4555555555555555,0.6865530303030303,0.2602443208639886,0.1771890000000002
8,COMPAS,0.4666666666666667,0.6856060606060606,0.2708023902455874,0.1721079999999997
8,COMPAS,0.4777777777777777,0.6875,0.281832521616985,0.1816270000000006
8,COMPAS,0.4888888888888889,0.6865530303030303,0.286357408494813,0.1755910000000025
8,COMPAS,0.5,0.6875,0.2908822953726412,0.1651440000000015
9,COMPAS,0.4,0.5350378787878788,0.3156911090845633,0.181667
9,COMPAS,0.4111111111111111,0.5965909090909091,0.1530606500714921,0.1910179999999997
9,COMPAS,0.4222222222222222,0.646780303030303,0.0314790421184179,0.1909649999999993
9,COMPAS,0.4333333333333333,0.6837121212121212,0.1717949583994776,0.1874219999999997
9,COMPAS,0.4444444444444445,0.6818181818181818,0.2368921763997252,0.1881839999999996
9,COMPAS,0.4555555555555555,0.6846590909090909,0.2597358732732124,0.2741430000000004
9,COMPAS,0.4666666666666667,0.6846590909090909,0.2858107879893268,0.1800380000000014
9,COMPAS,0.4777777777777777,0.6827651515151515,0.2920705688969951,0.164718999999998
9,COMPAS,0.4888888888888889,0.6818181818181818,0.290505623670078,0.1523869999999991
9,COMPAS,0.5,0.6827651515151515,0.2952004593508291,0.1536210000000011
10,COMPAS,0.4,0.5445075757575758,0.1891891891891892,0.192664
10,COMPAS,0.4111111111111111,0.5359848484848485,0.2073043767959022,0.1895409999999997
10,COMPAS,0.4222222222222222,0.5833333333333334,0.1158539124640819,0.1891639999999994
10,COMPAS,0.4333333333333333,0.6420454545454546,0.084953983259068,0.1895539999999993
10,COMPAS,0.4444444444444445,0.6714015151515151,0.1946862116353642,0.184393
10,COMPAS,0.4555555555555555,0.6856060606060606,0.2541956440261524,0.1909869999999989
10,COMPAS,0.4666666666666667,0.6856060606060606,0.2942572773081248,0.1853260000000016
10,COMPAS,0.4777777777777777,0.6846590909090909,0.3296964144421771,0.1863510000000001
10,COMPAS,0.4888888888888889,0.6865530303030303,0.3451047349352434,0.1543369999999999
10,COMPAS,0.5,0.6903409090909091,0.3512680631324699,0.1667100000000001
11,COMPAS,0.4,0.5464015151515151,0.2506389254793348,0.180964
11,COMPAS,0.4111111111111111,0.6013257575757576,0.0620348791389423,0.1954350000000002
11,COMPAS,0.4222222222222222,0.6373106060606061,0.1205345582688778,0.1901939999999999
11,COMPAS,0.4333333333333333,0.6429924242424242,0.226320352168969,0.1877530000000007
11,COMPAS,0.4444444444444445,0.6505681818181818,0.3087332950540976,0.1843630000000002
11,COMPAS,0.4555555555555555,0.6515151515151515,0.3376341180576666,0.1886510000000001
11,COMPAS,0.4666666666666667,0.6515151515151515,0.350153679873003,0.184633999999999
11,COMPAS,0.4777777777777777,0.6553030303030303,0.3564134607806712,0.1777470000000001
11,COMPAS,0.4888888888888889,0.6581439393939394,0.3571452696997332,0.1694700000000004
11,COMPAS,0.5,0.6609848484848485,0.3635063779961947,0.1644229999999993
12,COMPAS,0.4,0.5501893939393939,0.2130483957378415,0.178566
12,COMPAS,0.4111111111111111,0.5871212121212122,0.0723703791892374,0.1869150000000001
12,COMPAS,0.4222222222222222,0.6278409090909091,0.0973867492112625,0.1835930000000001
12,COMPAS,0.4333333333333333,0.6553030303030303,0.194520507173046,0.1896589999999998
12,COMPAS,0.4444444444444445,0.6638257575757576,0.2519495208048098,0.1841109999999997
12,COMPAS,0.4555555555555555,0.6732954545454546,0.2909101732245967,0.1735100000000002
12,COMPAS,0.4666666666666667,0.6761363636363636,0.3091701887017084,0.180848000000001
12,COMPAS,0.4777777777777777,0.6761363636363636,0.3275343770462527,0.1770669999999992
12,COMPAS,0.4888888888888889,0.6732954545454546,0.3337996309304125,0.1794729999999997
12,COMPAS,0.5,0.6751893939393939,0.332311447109947,0.1650600000000004
13,COMPAS,0.4,0.5284090909090909,0.2792443491173074,0.186652
13,COMPAS,0.4111111111111111,0.5814393939393939,0.1588021778584392,0.1752259999999998
13,COMPAS,0.4222222222222222,0.6515151515151515,0.0439696419732717,0.1946529999999997
13,COMPAS,0.4333333333333333,0.6770833333333334,0.1625144365616235,0.1755779999999998
13,COMPAS,0.4444444444444445,0.6846590909090909,0.2370895891767035,0.1684719999999995
13,COMPAS,0.4555555555555555,0.6903409090909091,0.2841115327503712,0.1793319999999996
13,COMPAS,0.4666666666666667,0.6865530303030303,0.2997855139415938,0.1781019999999991
13,COMPAS,0.4777777777777777,0.6903409090909091,0.3068800527965682,0.1828620000000018
13,COMPAS,0.4888888888888889,0.6922348484848485,0.3162844415113018,0.1766229999999993
13,COMPAS,0.5,0.6893939393939394,0.3195017323873947,0.1657070000000011
14,COMPAS,0.4,0.5501893939393939,0.2301064713433512,0.187494
14,COMPAS,0.4111111111111111,0.5975378787878788,0.1071131918749528,0.1797740000000001
14,COMPAS,0.4222222222222222,0.6496212121212122,0.0661179491051876,0.1772460000000002
14,COMPAS,0.4333333333333333,0.6685606060606061,0.1661255002642905,0.18907
14,COMPAS,0.4444444444444445,0.6799242424242424,0.2302499433663067,0.1858810000000001
14,COMPAS,0.4555555555555555,0.6827651515151515,0.2632258551687684,0.1801489999999992
14,COMPAS,0.4666666666666667,0.6856060606060606,0.3019255455712452,0.1817960000000003
14,COMPAS,0.4777777777777777,0.6837121212121212,0.3081174960356415,0.1786159999999998
14,COMPAS,0.4888888888888889,0.6846590909090909,0.3056784716453976,0.1761550000000014
14,COMPAS,0.5,0.6884469696969697,0.3056784716453976,0.1693429999999995
15,COMPAS,0.4,0.5833333333333334,0.2137767220902612,0.195201
15,COMPAS,0.4111111111111111,0.5984848484848485,0.1751809527372024,0.1796050000000002
15,COMPAS,0.4222222222222222,0.6486742424242424,0.0460732788448949,0.1819520000000003
15,COMPAS,0.4333333333333333,0.6761363636363636,0.0925355826958684,0.1841630000000007
15,COMPAS,0.4444444444444445,0.6912878787878788,0.186275646660557,0.1821800000000006
15,COMPAS,0.4555555555555555,0.6950757575757576,0.2453176725830886,0.1816559999999993
15,COMPAS,0.4666666666666667,0.7026515151515151,0.2799633418744272,0.1728640000000005
15,COMPAS,0.4777777777777777,0.7054924242424242,0.2972861765200965,0.1696299999999997
15,COMPAS,0.4888888888888889,0.7054924242424242,0.2972861765200965,0.1431340000000016
15,COMPAS,0.5,0.7054924242424242,0.300435782819309,0.1623249999999991
16,COMPAS,0.4,0.5833333333333334,0.1541644995913515,0.1846809999999999
16,COMPAS,0.4111111111111111,0.6515151515151515,0.0562969017014637,0.1776509999999997
16,COMPAS,0.4222222222222222,0.6666666666666666,0.1855487034697971,0.1929379999999998
16,COMPAS,0.4333333333333333,0.678030303030303,0.2408722787725685,0.1727669999999994
16,COMPAS,0.4444444444444445,0.6837121212121212,0.271810684300468,0.1839729999999999
16,COMPAS,0.4555555555555555,0.6893939393939394,0.2885132625009288,0.161923999999999
16,COMPAS,0.4666666666666667,0.6922348484848485,0.2886544319786017,0.1632549999999994
16,COMPAS,0.4777777777777777,0.6931818181818182,0.2902518760680585,0.1528580000000019
16,COMPAS,0.4888888888888889,0.6922348484848485,0.2918493201575154,0.1566290000000005
16,COMPAS,0.5,0.6922348484848485,0.2918493201575154,0.1484299999999994
17,COMPAS,0.4,0.5303030303030303,0.2833782569631626,0.1767399999999999
17,COMPAS,0.4111111111111111,0.5757575757575758,0.1952380952380952,0.1794610000000001
17,COMPAS,0.4222222222222222,0.6429924242424242,0.0259209344115004,0.1892740000000001
17,COMPAS,0.4333333333333333,0.6676136363636364,0.1438903863432165,0.1902080000000001
17,COMPAS,0.4444444444444445,0.6638257575757576,0.2035489667565139,0.1801859999999999
17,COMPAS,0.4555555555555555,0.6742424242424242,0.258670260557053,0.1879560000000006
17,COMPAS,0.4666666666666667,0.6732954545454546,0.2760557053009884,0.1819980000000001
17,COMPAS,0.4777777777777777,0.6751893939393939,0.282345013477089,0.1764430000000008
17,COMPAS,0.4888888888888889,0.6751893939393939,0.282345013477089,0.178533999999999
17,COMPAS,0.5,0.6751893939393939,0.2775831087151842,0.169319999999999
18,COMPAS,0.4,0.5369318181818182,0.3075,0.1955249999999999
18,COMPAS,0.4111111111111111,0.553030303030303,0.2695121951219512,0.1982849999999998
18,COMPAS,0.4222222222222222,0.6117424242424242,0.0809756097560975,0.1892170000000002
18,COMPAS,0.4333333333333333,0.6477272727272727,0.1236585365853658,0.1949100000000001
18,COMPAS,0.4444444444444445,0.6486742424242424,0.2135975609756097,0.1913640000000001
18,COMPAS,0.4555555555555555,0.6477272727272727,0.258780487804878,0.1879070000000009
18,COMPAS,0.4666666666666667,0.6505681818181818,0.2927439024390244,0.1919259999999987
18,COMPAS,0.4777777777777777,0.6524621212121212,0.2998170731707317,0.1913680000000006
18,COMPAS,0.4888888888888889,0.6515151515151515,0.2963414634146342,0.1880970000000008
18,COMPAS,0.5,0.6524621212121212,0.2978658536585366,0.1696740000000005
19,COMPAS,0.4,0.5738636363636364,0.1571502311840356,0.188009
19,COMPAS,0.4111111111111111,0.6382575757575758,0.0042722370487518,0.1944209999999999
19,COMPAS,0.4222222222222222,0.6581439393939394,0.1308468694057307,0.1936169999999997
19,COMPAS,0.4333333333333333,0.6581439393939394,0.20436449101073,0.1832460000000004
19,COMPAS,0.4444444444444445,0.65625,0.2436163553095449,0.1857649999999999
19,COMPAS,0.4555555555555555,0.6543560606060606,0.2535666040657639,0.182595
19,COMPAS,0.4666666666666667,0.6534090909090909,0.2596399898959946,0.1807949999999998
19,COMPAS,0.4777777777777777,0.6534090909090909,0.2596399898959946,0.1525280000000002
19,COMPAS,0.4888888888888889,0.6534090909090909,0.2596399898959946,0.1624860000000012
19,COMPAS,0.5,0.6553030303030303,0.2629567394814009,0.1615609999999989
20,COMPAS,0.4,0.5492424242424242,0.2716049382716049,0.190172
20,COMPAS,0.4111111111111111,0.553030303030303,0.2725379757637822,0.1791629999999999
20,COMPAS,0.4222222222222222,0.6079545454545454,0.1499231950844854,0.1886209999999999
20,COMPAS,0.4333333333333333,0.6429924242424242,0.0053365193150139,0.1849979999999993
20,COMPAS,0.4444444444444445,0.6770833333333334,0.155874153723616,0.1889570000000002
20,COMPAS,0.4555555555555555,0.6875,0.2136428286965921,0.1767240000000001
20,COMPAS,0.4666666666666667,0.678030303030303,0.2585196563691187,0.1767169999999982
20,COMPAS,0.4777777777777777,0.6723484848484849,0.2901746600671332,0.1858380000000004
20,COMPAS,0.4888888888888889,0.6732954545454546,0.3046594982078853,0.1782650000000014
20,COMPAS,0.5,0.6742424242424242,0.3033964840416453,0.1760579999999993
21,COMPAS,0.4,0.5331439393939394,0.2120394379786528,0.184968
21,COMPAS,0.4111111111111111,0.5691287878787878,0.1542995839112344,0.1890190000000005
21,COMPAS,0.4222222222222222,0.6278409090909091,0.068730024724115,0.1785450000000001
21,COMPAS,0.4333333333333333,0.6638257575757576,0.2075167340047036,0.1848830000000001
21,COMPAS,0.4444444444444445,0.6761363636363636,0.2920460712778147,0.1919630000000003
21,COMPAS,0.4555555555555555,0.6912878787878788,0.313393234034855,0.1894049999999989
21,COMPAS,0.4666666666666667,0.6884469696969697,0.3322227582463969,0.1755850000000016
21,COMPAS,0.4777777777777777,0.6884469696969697,0.3468763191219923,0.1771369999999983
21,COMPAS,0.4888888888888889,0.6884469696969697,0.3468763191219923,0.1777549999999994
21,COMPAS,0.5,0.6846590909090909,0.3530874992462159,0.1781499999999987
22,COMPAS,0.4,0.5416666666666666,0.2761325078873742,0.1844829999999999
22,COMPAS,0.4111111111111111,0.5785984848484849,0.1642359664265729,0.1848
22,COMPAS,0.4222222222222222,0.6316287878787878,0.0022322757306982,0.1801629999999998
22,COMPAS,0.4333333333333333,0.6600378787878788,0.1225072921007202,0.1888510000000005
22,COMPAS,0.4444444444444445,0.6742424242424242,0.1816328352878147,0.1770059999999995
22,COMPAS,0.4555555555555555,0.678030303030303,0.2134799690457765,0.1783180000000008
22,COMPAS,0.4666666666666667,0.6799242424242424,0.2453271028037383,0.1781249999999978
22,COMPAS,0.4777777777777777,0.6808712121212122,0.2461753675814036,0.1648150000000008
22,COMPAS,0.4888888888888889,0.6789772727272727,0.2454312756711709,0.1485769999999995
22,COMPAS,0.5,0.6799242424242424,0.250952437645098,0.1491789999999984
23,COMPAS,0.4,0.5142045454545454,0.2818411471877554,0.185585
23,COMPAS,0.4111111111111111,0.584280303030303,0.1332565569507392,0.1788089999999997
23,COMPAS,0.4222222222222222,0.6638257575757576,0.0988409242885801,0.1859489999999999
23,COMPAS,0.4333333333333333,0.6837121212121212,0.247120885652723,0.1818829999999991
23,COMPAS,0.4444444444444445,0.6950757575757576,0.3068132847908462,0.1816639999999996
23,COMPAS,0.4555555555555555,0.6922348484848485,0.3435544988483542,0.184569999999999
23,COMPAS,0.4666666666666667,0.6903409090909091,0.3634519652277287,0.1750780000000009
23,COMPAS,0.4777777777777777,0.6903409090909091,0.3634519652277287,0.1732990000000001
23,COMPAS,0.4888888888888889,0.6922348484848485,0.3627238279218366,0.1617010000000007
23,COMPAS,0.5,0.6903409090909091,0.3666468534066424,0.1527410000000006
24,COMPAS,0.4,0.5303030303030303,0.228635114050078,0.18228
24,COMPAS,0.4111111111111111,0.5852272727272727,0.0921019392228248,0.1885120000000002
24,COMPAS,0.4222222222222222,0.634469696969697,0.0776729326101493,0.186407
24,COMPAS,0.4333333333333333,0.6553030303030303,0.1963295935805037,0.1922739999999994
24,COMPAS,0.4444444444444445,0.6609848484848485,0.2943606508655918,0.1937450000000016
24,COMPAS,0.4555555555555555,0.6571969696969697,0.3309606954454268,0.1839360000000001
24,COMPAS,0.4666666666666667,0.6505681818181818,0.3573891076603016,0.1847379999999994
24,COMPAS,0.4777777777777777,0.6524621212121212,0.3637788840181292,0.1770940000000003
24,COMPAS,0.4888888888888889,0.6515151515151515,0.3646481908016939,0.1689679999999995
24,COMPAS,0.5,0.6515151515151515,0.3646481908016939,0.1660579999999996
25,COMPAS,0.4,0.5738636363636364,0.2412749287749288,0.1809589999999999
25,COMPAS,0.4111111111111111,0.6240530303030303,0.0765669515669515,0.1862079999999997
25,COMPAS,0.4222222222222222,0.6704545454545454,0.0938390313390313,0.1887210000000001
25,COMPAS,0.4333333333333333,0.6732954545454546,0.2215099715099714,0.1697520000000008
25,COMPAS,0.4444444444444445,0.6666666666666666,0.2597934472934473,0.1840020000000004
25,COMPAS,0.4555555555555555,0.665719696969697,0.3112535612535613,0.1793519999999997
25,COMPAS,0.4666666666666667,0.6676136363636364,0.3137464387464387,0.1799949999999999
25,COMPAS,0.4777777777777777,0.6685606060606061,0.3153490028490028,0.1720840000000016
25,COMPAS,0.4888888888888889,0.665719696969697,0.3162393162393162,0.1675199999999996
25,COMPAS,0.5,0.6647727272727273,0.318554131054131,0.1651630000000015
26,COMPAS,0.4,0.5454545454545454,0.2990654205607476,0.1736679999999999
26,COMPAS,0.4111111111111111,0.5653409090909091,0.2557443895469968,0.1835330000000006
26,COMPAS,0.4222222222222222,0.6098484848484849,0.1305732484076433,0.186226
26,COMPAS,0.4333333333333333,0.6600378787878788,0.0156110482766831,0.1820139999999996
26,COMPAS,0.4444444444444445,0.6856060606060606,0.1399190428001667,0.1821339999999986
26,COMPAS,0.4555555555555555,0.6884469696969697,0.2115750937555807,0.1877130000000004
26,COMPAS,0.4666666666666667,0.6875,0.2513840109530329,0.189152
26,COMPAS,0.4777777777777777,0.6903409090909091,0.2681558426096792,0.1808499999999995
26,COMPAS,0.4888888888888889,0.6875,0.2876956961723912,0.1769770000000008
26,COMPAS,0.5,0.6865530303030303,0.3044675278290375,0.1715069999999983
27,COMPAS,0.4,0.5303030303030303,0.2873315363881402,0.176648
27,COMPAS,0.4111111111111111,0.5823863636363636,0.1658131176999101,0.19246
27,COMPAS,0.4222222222222222,0.6439393939393939,0.0238993710691823,0.189114
27,COMPAS,0.4333333333333333,0.6846590909090909,0.1585354896675651,0.1825599999999996
27,COMPAS,0.4444444444444445,0.6988636363636364,0.2347708894878706,0.1844809999999999
27,COMPAS,0.4555555555555555,0.6950757575757576,0.2883198562443845,0.1884230000000002
27,COMPAS,0.4666666666666667,0.6979166666666666,0.3110961365678347,0.1807809999999996
27,COMPAS,0.4777777777777777,0.696969696969697,0.3126684636118598,0.1779580000000002
27,COMPAS,0.4888888888888889,0.696969696969697,0.3189577717879605,0.1727169999999986
27,COMPAS,0.5,0.6979166666666666,0.3205300988319857,0.1656679999999983
28,COMPAS,0.4,0.5558712121212122,0.2350230414746544,0.1862939999999999
28,COMPAS,0.4111111111111111,0.5615530303030303,0.2153007245839939,0.194576
28,COMPAS,0.4222222222222222,0.6306818181818182,0.0501355816675804,0.1829559999999999
28,COMPAS,0.4333333333333333,0.65625,0.0764443522456176,0.1807790000000002
28,COMPAS,0.4444444444444445,0.6799242424242424,0.1719960881354927,0.1842519999999998
28,COMPAS,0.4555555555555555,0.6808712121212122,0.2335709099530279,0.1658670000000004
28,COMPAS,0.4666666666666667,0.6837121212121212,0.2712448323380799,0.1829970000000003
28,COMPAS,0.4777777777777777,0.6875,0.2905374368396876,0.1758020000000009
28,COMPAS,0.4888888888888889,0.6846590909090909,0.2946641575414524,0.1735609999999994
28,COMPAS,0.5,0.6818181818181818,0.3054884644450042,0.1594250000000006
29,COMPAS,0.4,0.5643939393939394,0.2364532019704433,0.2014559999999999
29,COMPAS,0.4111111111111111,0.5634469696969697,0.2586206896551724,0.1937439999999997
29,COMPAS,0.4222222222222222,0.603219696969697,0.1466085638499431,0.1880549999999998
29,COMPAS,0.4333333333333333,0.6543560606060606,0.0090716180371352,0.1890790000000004
29,COMPAS,0.4444444444444445,0.6761363636363636,0.1060098522167488,0.1849500000000006
29,COMPAS,0.4555555555555555,0.6856060606060606,0.1656991284577491,0.1855019999999996
29,COMPAS,0.4666666666666667,0.6903409090909091,0.2115422508525956,0.1735389999999999
29,COMPAS,0.4777777777777777,0.6875,0.2420007578628268,0.180795999999999
29,COMPAS,0.4888888888888889,0.6865530303030303,0.2496930655551345,0.1769020000000001
29,COMPAS,0.5,0.6846590909090909,0.2487684729064039,0.1773690000000005
30,COMPAS,0.4,0.5350378787878788,0.2008896059516206,0.1878540000000002
30,COMPAS,0.4111111111111111,0.5738636363636364,0.0753476073633379,0.1916639999999998
30,COMPAS,0.4222222222222222,0.6373106060606061,0.1338890569504666,0.1887879999999993
30,COMPAS,0.4333333333333333,0.6751893939393939,0.2444287586971866,0.1888659999999999
30,COMPAS,0.4444444444444445,0.6808712121212122,0.3202357343730743,0.1831789999999999
30,COMPAS,0.4555555555555555,0.6827651515151515,0.3510470236294578,0.1835819999999994
30,COMPAS,0.4666666666666667,0.6846590909090909,0.3700043696010218,0.183014
30,COMPAS,0.4777777777777777,0.6856060606060606,0.3755279934568025,0.1796109999999977
30,COMPAS,0.4888888888888889,0.6827651515151515,0.3802673299496936,0.1751319999999996
30,COMPAS,0.5,0.6837121212121212,0.3779032637558401,0.1703789999999987
31,COMPAS,0.4,0.540719696969697,0.1626262626262626,0.1857949999999998
31,COMPAS,0.4111111111111111,0.5795454545454546,0.0934343434343434,0.1843089999999998
31,COMPAS,0.4222222222222222,0.6306818181818182,0.048989898989899,0.184679
31,COMPAS,0.4333333333333333,0.6534090909090909,0.1621212121212121,0.1818509999999999
31,COMPAS,0.4444444444444445,0.6609848484848485,0.2328282828282828,0.182462000000001
31,COMPAS,0.4555555555555555,0.6553030303030303,0.2631313131313131,0.1796769999999998
31,COMPAS,0.4666666666666667,0.6571969696969697,0.2691919191919192,0.1816530000000007
31,COMPAS,0.4777777777777777,0.6609848484848485,0.2752525252525253,0.1787510000000001
31,COMPAS,0.4888888888888889,0.6619318181818182,0.2757575757575757,0.1767639999999986
31,COMPAS,0.5,0.6628787878787878,0.3025252525252525,0.1639489999999988
32,COMPAS,0.4,0.5236742424242424,0.2498435761306542,0.18578
32,COMPAS,0.4111111111111111,0.5710227272727273,0.1429657965627962,0.181832
32,COMPAS,0.4222222222222222,0.6268939393939394,0.0387668928412194,0.1909699999999992
32,COMPAS,0.4333333333333333,0.6666666666666666,0.1815603421467724,0.1897950000000001
32,COMPAS,0.4444444444444445,0.6676136363636364,0.2805888281510511,0.187524999999999
32,COMPAS,0.4555555555555555,0.6666666666666666,0.3158788024113629,0.1776590000000002
32,COMPAS,0.4666666666666667,0.6695075757575758,0.3300075308258056,0.190377999999999
32,COMPAS,0.4777777777777777,0.6666666666666666,0.3370400482572321,0.1772159999999978
32,COMPAS,0.4888888888888889,0.6638257575757576,0.3417496243953796,0.1685409999999993
32,COMPAS,0.5,0.6638257575757576,0.3417496243953796,0.1624569999999998
33,COMPAS,0.4,0.553030303030303,0.1921574430304824,0.1837539999999999
33,COMPAS,0.4111111111111111,0.5833333333333334,0.0907960935187925,0.193537
33,COMPAS,0.4222222222222222,0.6268939393939394,0.0796685409884581,0.1834099999999998
33,COMPAS,0.4333333333333333,0.6543560606060606,0.1858686001775673,0.1809429999999992
33,COMPAS,0.4444444444444445,0.6515151515151515,0.2460491269606392,0.1775529999999996
33,COMPAS,0.4555555555555555,0.6534090909090909,0.2815329979283811,0.1837089999999985
33,COMPAS,0.4666666666666667,0.6553030303030303,0.2912104172832199,0.1689179999999996
33,COMPAS,0.4777777777777777,0.6534090909090909,0.3002071618822137,0.1751590000000007
33,COMPAS,0.4888888888888889,0.65625,0.305045871559633,0.1580640000000031
33,COMPAS,0.5,0.6543560606060606,0.3082716780112459,0.1646049999999999
34,COMPAS,0.4,0.5804924242424242,0.0785862785862785,0.189397
34,COMPAS,0.4111111111111111,0.6429924242424242,0.0659274659274659,0.1800799999999998
34,COMPAS,0.4222222222222222,0.6761363636363636,0.1407484407484407,0.1889349999999998
34,COMPAS,0.4333333333333333,0.6903409090909091,0.1996765996765996,0.1901079999999995
34,COMPAS,0.4444444444444445,0.6912878787878788,0.2253869253869254,0.1810179999999999
34,COMPAS,0.4555555555555555,0.6865530303030303,0.2307692307692307,0.1791070000000001
34,COMPAS,0.4666666666666667,0.6884469696969697,0.244028644028644,0.183603999999999
34,COMPAS,0.4777777777777777,0.6865530303030303,0.244028644028644,0.1755130000000022
34,COMPAS,0.4888888888888889,0.6893939393939394,0.2444675444675444,0.1721520000000023
34,COMPAS,0.5,0.6903409090909091,0.2419034419034418,0.1614159999999991
35,COMPAS,0.4,0.5558712121212122,0.2701298701298701,0.2055690000000001
35,COMPAS,0.4111111111111111,0.553030303030303,0.2500745156482861,0.1811560000000001
35,COMPAS,0.4222222222222222,0.5767045454545454,0.1744943581009154,0.1820210000000002
35,COMPAS,0.4333333333333333,0.6373106060606061,0.0351713859910581,0.1854879999999994
35,COMPAS,0.4444444444444445,0.6647727272727273,0.0635724930806898,0.1846240000000003
35,COMPAS,0.4555555555555555,0.6723484848484849,0.1764104747711305,0.1815670000000011
35,COMPAS,0.4666666666666667,0.6770833333333334,0.2263572493080689,0.1835930000000019
35,COMPAS,0.4777777777777777,0.6818181818181818,0.2457313178624654,0.1800510000000006
35,COMPAS,0.4888888888888889,0.6837121212121212,0.27068341494571,0.175676000000001
35,COMPAS,0.5,0.6846590909090909,0.2751543538428784,0.1811530000000019
36,COMPAS,0.4,0.5615530303030303,0.2947015786584204,0.193438
36,COMPAS,0.4111111111111111,0.5928030303030303,0.2070518638028973,0.1991830000000001
36,COMPAS,0.4222222222222222,0.6382575757575758,0.0695999014038743,0.1972369999999998
36,COMPAS,0.4333333333333333,0.6666666666666666,0.0504408815389958,0.1959830000000009
36,COMPAS,0.4444444444444445,0.6742424242424242,0.1396703752254826,0.1943770000000002
36,COMPAS,0.4555555555555555,0.6714015151515151,0.2004526458494392,0.1962729999999997
36,COMPAS,0.4666666666666667,0.6742424242424242,0.2115110976661849,0.1943449999999984
36,COMPAS,0.4777777777777777,0.6770833333333334,0.2130908764971485,0.1806909999999995
36,COMPAS,0.4888888888888889,0.6818181818181818,0.2170459256271498,0.1869769999999988
36,COMPAS,0.5,0.6818181818181818,0.2170459256271498,0.1798349999999988
37,COMPAS,0.4,0.553030303030303,0.2394266917293233,0.1770290000000001
37,COMPAS,0.4111111111111111,0.6221590909090909,0.0391212406015037,0.1886679999999998
37,COMPAS,0.4222222222222222,0.6553030303030303,0.0854088345864661,0.1756100000000007
37,COMPAS,0.4333333333333333,0.6770833333333334,0.1605968045112782,0.183136000000001
37,COMPAS,0.4444444444444445,0.6685606060606061,0.2050046992481203,0.1840650000000012
37,COMPAS,0.4555555555555555,0.678030303030303,0.2450657894736842,0.1853800000000003
37,COMPAS,0.4666666666666667,0.6789772727272727,0.2494125939849624,0.1818780000000011
37,COMPAS,0.4777777777777777,0.6770833333333334,0.2559915413533835,0.1757590000000011
37,COMPAS,0.4888888888888889,0.6789772727272727,0.2619830827067669,0.1664469999999998
37,COMPAS,0.5,0.6789772727272727,0.2619830827067669,0.1625320000000023
38,COMPAS,0.4,0.5359848484848485,0.2227452436194895,0.173748
38,COMPAS,0.4111111111111111,0.5975378787878788,0.0670626450116009,0.1870089999999997
38,COMPAS,0.4222222222222222,0.625,0.1290988399071925,0.1888740000000002
38,COMPAS,0.4333333333333333,0.6410984848484849,0.2029401392111368,0.1684279999999995
38,COMPAS,0.4444444444444445,0.6354166666666666,0.2516603248259861,0.1814559999999998
38,COMPAS,0.4555555555555555,0.6392045454545454,0.2669401392111369,0.1808990000000001
38,COMPAS,0.4666666666666667,0.6401515151515151,0.2867006960556845,0.1806249999999991
38,COMPAS,0.4777777777777777,0.6392045454545454,0.2883006960556844,0.1821630000000009
38,COMPAS,0.4888888888888889,0.6401515151515151,0.2859805104408352,0.173369000000001
38,COMPAS,0.5,0.6410984848484849,0.283660324825986,0.1660470000000025
39,COMPAS,0.4,0.5426136363636364,0.2035938903863432,0.1906700000000001
39,COMPAS,0.4111111111111111,0.5871212121212122,0.1101078167115902,0.1864989999999999
39,COMPAS,0.4222222222222222,0.6278409090909091,0.0377358490566037,0.1820570000000003
39,COMPAS,0.4333333333333333,0.6581439393939394,0.1565139263252471,0.1912140000000004
39,COMPAS,0.4444444444444445,0.6761363636363636,0.2470350404312668,0.1892589999999998
39,COMPAS,0.4555555555555555,0.6732954545454546,0.2879604672057503,0.1877390000000005
39,COMPAS,0.4666666666666667,0.6742424242424242,0.2997753818508536,0.1460109999999996
39,COMPAS,0.4777777777777777,0.6732954545454546,0.3068283917340522,0.1625869999999984
39,COMPAS,0.4888888888888889,0.6723484848484849,0.328167115902965,0.1565879999999992
39,COMPAS,0.5,0.6732954545454546,0.3384546271338724,0.1490500000000008
40,COMPAS,0.4,0.5208333333333334,0.2239819004524887,0.1882540000000001
40,COMPAS,0.4111111111111111,0.5738636363636364,0.1529544416112724,0.1897669999999998
40,COMPAS,0.4222222222222222,0.6429924242424242,0.0452930859138945,0.1925499999999997
40,COMPAS,0.4333333333333333,0.6619318181818182,0.1527849425914189,0.1858570000000012
40,COMPAS,0.4444444444444445,0.6676136363636364,0.2328621751882913,0.1832849999999997
40,COMPAS,0.4555555555555555,0.6704545454545454,0.2696876796321134,0.1765189999999989
40,COMPAS,0.4666666666666667,0.6742424242424242,0.2944787536663374,0.1849539999999994
40,COMPAS,0.4777777777777777,0.6723484848484849,0.3036169616932215,0.1766129999999997
40,COMPAS,0.4888888888888889,0.6714015151515151,0.3117602841687915,0.1657080000000004
40,COMPAS,0.5,0.6732954545454546,0.3156513921028195,0.1560999999999985
41,COMPAS,0.4,0.5265151515151515,0.2272300469483568,0.1953540000000002
41,COMPAS,0.4111111111111111,0.5757575757575758,0.0595126313436172,0.1957029999999999
41,COMPAS,0.4222222222222222,0.6126893939393939,0.0640956852224457,0.1951969999999994
41,COMPAS,0.4333333333333333,0.6287878787878788,0.1458081824279007,0.1980019999999998
41,COMPAS,0.4444444444444445,0.6392045454545454,0.2084730605857366,0.1978580000000009
41,COMPAS,0.4555555555555555,0.6325757575757576,0.259333780460541,0.1957310000000003
41,COMPAS,0.4666666666666667,0.6354166666666666,0.2751397272524033,0.1869750000000003
41,COMPAS,0.4777777777777777,0.6392045454545454,0.2973619494746255,0.1786679999999982
41,COMPAS,0.4888888888888889,0.6401515151515151,0.2989492510619271,0.1840140000000012
41,COMPAS,0.5,0.6392045454545454,0.3005365526492287,0.1771460000000004
42,COMPAS,0.4,0.5539772727272727,0.266520810817935,0.1829879999999999
42,COMPAS,0.4111111111111111,0.5890151515151515,0.1745676102109135,0.184498
42,COMPAS,0.4222222222222222,0.6278409090909091,0.0314694662956254,0.1798720000000004
42,COMPAS,0.4333333333333333,0.6543560606060606,0.0547561935389122,0.182493
42,COMPAS,0.4444444444444445,0.6799242424242424,0.142024936078235,0.1781760000000005
42,COMPAS,0.4555555555555555,0.6751893939393939,0.2127173245870032,0.1770659999999999
42,COMPAS,0.4666666666666667,0.6770833333333334,0.2441754939580281,0.1871629999999999
42,COMPAS,0.4777777777777777,0.6761363636363636,0.2607706761962501,0.1831079999999989
42,COMPAS,0.4888888888888889,0.6732954545454546,0.2654363060562813,0.183406999999999
42,COMPAS,0.5,0.6732954545454546,0.2809884055897182,0.1738499999999998
43,COMPAS,0.4,0.5303030303030303,0.1938210607774272,0.1879630000000001
43,COMPAS,0.4111111111111111,0.5615530303030303,0.1356479552354306,0.181127
43,COMPAS,0.4222222222222222,0.6268939393939394,0.0401511994761593,0.1886970000000003
43,COMPAS,0.4333333333333333,0.6553030303030303,0.1778379665456277,0.1931460000000004
43,COMPAS,0.4444444444444445,0.6571969696969697,0.2859098755878326,0.1909139999999993
43,COMPAS,0.4555555555555555,0.6553030303030303,0.3304958628489791,0.1831639999999996
43,COMPAS,0.4666666666666667,0.6609848484848485,0.3630870885171737,0.1759580000000014
43,COMPAS,0.4777777777777777,0.6638257575757576,0.3671200666706352,0.1829450000000001
43,COMPAS,0.4888888888888889,0.6600378787878788,0.3734894934222276,0.1720229999999993
43,COMPAS,0.5,0.6609848484848485,0.3750818501101256,0.171349000000001
44,COMPAS,0.4,0.5795454545454546,0.260074438438663,0.1905730000000001
44,COMPAS,0.4111111111111111,0.6240530303030303,0.1032636953634952,0.191945
44,COMPAS,0.4222222222222222,0.65625,0.0772738324574036,0.1811629999999997
44,COMPAS,0.4333333333333333,0.6695075757575758,0.1505676398526193,0.1727970000000001
44,COMPAS,0.4444444444444445,0.6695075757575758,0.1859614341556474,0.1907059999999996
44,COMPAS,0.4555555555555555,0.6732954545454546,0.2175098658985916,0.1921199999999991
44,COMPAS,0.4666666666666667,0.6704545454545454,0.2292816129575252,0.1887699999999998
44,COMPAS,0.4777777777777777,0.6723484848484849,0.2355808255559504,0.1695289999999971
44,COMPAS,0.4888888888888889,0.6742424242424242,0.2395309256176707,0.1542089999999998
44,COMPAS,0.5,0.6742424242424242,0.2395309256176707,0.1705849999999991
45,COMPAS,0.4,0.5340909090909091,0.2268140766116474,0.1884840000000001
45,COMPAS,0.4111111111111111,0.5861742424242424,0.0890532544378698,0.1860340000000002
45,COMPAS,0.4222222222222222,0.6325757575757576,0.0537838679539084,0.1805849999999997
45,COMPAS,0.4333333333333333,0.6600378787878788,0.1499377141077545,0.1909869999999998
45,COMPAS,0.4444444444444445,0.665719696969697,0.2079570227343506,0.1896459999999997
45,COMPAS,0.4555555555555555,0.6704545454545454,0.2538150109000311,0.1744230000000008
45,COMPAS,0.4666666666666667,0.6704545454545454,0.2792899408284023,0.1825009999999984
45,COMPAS,0.4777777777777777,0.6714015151515151,0.2848800996574276,0.1840479999999988
45,COMPAS,0.4888888888888889,0.6704545454545454,0.2863593895982559,0.1797349999999991
45,COMPAS,0.5,0.6723484848484849,0.2870133914668328,0.1647860000000012
46,COMPAS,0.4,0.5388257575757576,0.291866028708134,0.1944539999999999
46,COMPAS,0.4111111111111111,0.5388257575757576,0.2395644283121597,0.1949260000000001
46,COMPAS,0.4222222222222222,0.5814393939393939,0.1706814057086289,0.1889249999999993
46,COMPAS,0.4333333333333333,0.6373106060606061,0.0239234449760765,0.1866120000000002
46,COMPAS,0.4444444444444445,0.6515151515151515,0.1040257383270087,0.1849359999999995
46,COMPAS,0.4555555555555555,0.6695075757575758,0.1753836000659957,0.1892620000000011
46,COMPAS,0.4666666666666667,0.6732954545454546,0.2139910905791123,0.1769259999999981
46,COMPAS,0.4777777777777777,0.6723484848484849,0.2437716548424352,0.1843730000000025
46,COMPAS,0.4888888888888889,0.6732954545454546,0.2516086454380465,0.181341999999999
46,COMPAS,0.5,0.6723484848484849,0.2563108397954133,0.1775390000000012
47,COMPAS,0.4,0.5331439393939394,0.2447058823529412,0.2659559999999998
47,COMPAS,0.4111111111111111,0.5464015151515151,0.2208856157359933,0.182188
47,COMPAS,0.4222222222222222,0.6022727272727273,0.066490165004195,0.1936
47,COMPAS,0.4333333333333333,0.6410984848484849,0.0530399925421832,0.1929750000000005
47,COMPAS,0.4444444444444445,0.6647727272727273,0.163926540505267,0.1828399999999996
47,COMPAS,0.4555555555555555,0.6695075757575758,0.2313041856996364,0.1858389999999996
47,COMPAS,0.4666666666666667,0.6685606060606061,0.251138249277524,0.1880120000000005
47,COMPAS,0.4777777777777777,0.6723484848484849,0.2757266710170597,0.1831859999999991
47,COMPAS,0.4888888888888889,0.6732954545454546,0.2773114570709424,0.171959000000001
47,COMPAS,0.5,0.6714015151515151,0.2812491843012958,0.1586450000000017
48,COMPAS,0.4,0.5738636363636364,0.2511346330439908,0.195548
48,COMPAS,0.4111111111111111,0.6297348484848485,0.0732778329925969,0.194801
48,COMPAS,0.4222222222222222,0.6486742424242424,0.0783038511391677,0.1981929999999998
48,COMPAS,0.4333333333333333,0.6638257575757576,0.1609799601697509,0.1983040000000011
48,COMPAS,0.4444444444444445,0.6723484848484849,0.2045098120722688,0.192355
48,COMPAS,0.4555555555555555,0.6676136363636364,0.2449484738665951,0.1900500000000011
48,COMPAS,0.4666666666666667,0.6742424242424242,0.2615570075163534,0.1942400000000006
48,COMPAS,0.4777777777777777,0.6789772727272727,0.2723761728950242,0.1866179999999992
48,COMPAS,0.4888888888888889,0.678030303030303,0.269931185119963,0.1825790000000022
48,COMPAS,0.5,0.678030303030303,0.269931185119963,0.1537119999999987
49,COMPAS,0.4,0.5511363636363636,0.1388475504494315,0.1819639999999998
49,COMPAS,0.4111111111111111,0.6231060606060606,0.0231561402464432,0.1875910000000002
49,COMPAS,0.4222222222222222,0.6534090909090909,0.1491755461634621,0.1913749999999998
49,COMPAS,0.4333333333333333,0.6647727272727273,0.216262872790047,0.1922019999999999
49,COMPAS,0.4444444444444445,0.6628787878787878,0.2488540984582415,0.1876449999999998
49,COMPAS,0.4555555555555555,0.6581439393939394,0.2751800702422763,0.1865179999999995
49,COMPAS,0.4666666666666667,0.6571969696969697,0.2799571403059706,0.179456
49,COMPAS,0.4777777777777777,0.6571969696969697,0.2799571403059706,0.1528770000000001
49,COMPAS,0.4888888888888889,0.6571969696969697,0.2799571403059706,0.1531270000000013
49,COMPAS,0.5,0.6581439393939394,0.2822935889041014,0.1455330000000021
