Unnamed: 0,seed,dataset,lambda,acc,disparity,time
0,0,Lawschool,0.05,0.794519602429597,0.0718300670310262,717.4913580000001
0,0,Lawschool,0.15,0.7934497515184981,0.0617707127539009,732.028908
0,0,Lawschool,0.25,0.7936913307564881,0.0526907899813025,712.3514360000004
0,0,Lawschool,0.35,0.7928630590833794,0.0427674444228121,720.0477569999994
0,0,Lawschool,0.45,0.7926214798453893,0.0412493412586141,741.1519440000002
0,0,Lawschool,0.55,0.7937948647156268,0.0391244716841658,199.4548769999965
0,0,Lawschool,0.65,0.7935877967973495,0.0310982338246463,198.3012090000011
0,0,Lawschool,0.75,0.7929665930425179,0.0221368200223924,198.05856900000072
0,0,Lawschool,0.8500000000000001,0.7922418553285477,0.0139064063806492,199.010500000004
0,0,Lawschool,0.95,0.790895913859746,0.0022814513442759,198.4828190000044
0,1,Lawschool,0.05,0.7892393705135284,0.0726679731546534,705.499116
0,1,Lawschool,0.15,0.7877208724461623,0.0468869070852384,738.1848150000001
0,1,Lawschool,0.25,0.788342076200994,0.0542661053492435,711.3927370000001
0,1,Lawschool,0.35,0.7876518498067366,0.0382252286160365,722.197639
0,1,Lawschool,0.45,0.7876173384870238,0.0332312228169956,744.1863050000011
0,1,Lawschool,0.55,0.787272225289895,0.0281263746391088,200.24868799999967
0,1,Lawschool,0.65,0.787272225289895,0.0225320774940213,199.1804110000012
0,1,Lawschool,0.75,0.7869271120927664,0.0179875399613397,197.87444200000027
0,1,Lawschool,0.8500000000000001,0.7866165102153506,0.0112678780528604,198.83747399999996
0,1,Lawschool,0.95,0.7866855328547764,0.0076566430306184,198.9783750000024
0,2,Lawschool,0.05,0.7887907233572612,0.0639671944603145,714.510297
0,2,Lawschool,0.15,0.7882040309221424,0.0543591485107247,738.497513
0,2,Lawschool,0.25,0.7885491441192711,0.0477246240601674,718.7366500000003
0,2,Lawschool,0.35,0.7883765875207068,0.0388566211231918,715.9622669999999
0,2,Lawschool,0.45,0.7878589177250138,0.0236923322833726,749.4268710000006
0,2,Lawschool,0.55,0.7876863611264495,0.0237315443949183,200.12289099999907
0,2,Lawschool,0.65,0.787272225289895,0.0147390092211361,199.78967999999804
0,2,Lawschool,0.75,0.7866510215350635,0.0068357599647468,196.89950599999796
0,2,Lawschool,0.8500000000000001,0.7858572611816675,0.0006616915055386,198.1735320000007
0,2,Lawschool,0.95,0.7854086140254003,0.005814063584084,197.76223299999765
0,3,Lawschool,0.05,0.7892393705135284,0.0653251523286326,713.2895879999999
0,3,Lawschool,0.15,0.7891358365543898,0.0658057336815806,736.4987669999998
0,3,Lawschool,0.25,0.7891703478741027,0.0561237204690003,711.1038649999996
0,3,Lawschool,0.35,0.7883765875207068,0.0437156071937151,711.5083910000003
0,3,Lawschool,0.45,0.788583655438984,0.0423250585856933,747.0079660000001
0,3,Lawschool,0.55,0.7881004969630039,0.041905948211775,199.1971139999987
0,3,Lawschool,0.65,0.7879624516841524,0.0315739653290075,198.3177080000023
0,3,Lawschool,0.75,0.7883765875207068,0.0234856671078179,199.39240199999767
0,3,Lawschool,0.8500000000000001,0.7877208724461623,0.0136156821759206,198.0048940000015
0,3,Lawschool,0.95,0.7864094422970734,0.0058793268688519,200.6743260000003
0,4,Lawschool,0.05,0.7897915516289343,0.0697336784362443,716.545374
0,4,Lawschool,0.15,0.7894809497515185,0.0606275472198014,740.834719
0,4,Lawschool,0.25,0.7894809497515185,0.0561567668653845,715.9966860000004
0,4,Lawschool,0.35,0.7894119271120927,0.0455563213099659,714.2741279999991
0,4,Lawschool,0.45,0.7888252346769741,0.0413797775046446,742.2557799999995
0,4,Lawschool,0.55,0.7892048591938156,0.0361795723752814,199.47891900000104
0,4,Lawschool,0.65,0.7887217007178354,0.0265439055093773,199.3649860000005
0,4,Lawschool,0.75,0.7882040309221424,0.0185082834887995,198.73175600000104
0,4,Lawschool,0.8500000000000001,0.7869271120927664,0.0092491110186943,197.359287999996
0,4,Lawschool,0.95,0.7861333517393705,0.0011278692136536,198.99446199999875
0,5,Lawschool,0.05,0.787789895085588,0.0741409990648569,711.242395
0,5,Lawschool,0.15,0.7873412479293208,0.0738404592211699,743.2507439999999
0,5,Lawschool,0.25,0.7877553837658752,0.0667272678440191,713.8834859999997
0,5,Lawschool,0.35,0.7870996686913307,0.0629066346325229,717.9644279999993
0,5,Lawschool,0.45,0.7864439536167863,0.0506392911469053,718.9245529999998
0,5,Lawschool,0.55,0.7869616234124793,0.0474136823883016,199.49452100000053
0,5,Lawschool,0.65,0.7868235781336278,0.04103517651741,200.74529299999995
0,5,Lawschool,0.75,0.7861678630590834,0.0328520886896521,198.8297349999957
0,5,Lawschool,0.8500000000000001,0.7853395913859746,0.0240641854855052,199.18726099999915
0,5,Lawschool,0.95,0.7839591385974599,0.0149300107675742,199.70749400000204
0,6,Lawschool,0.05,0.7865819988956377,0.0715747738270387,705.718235
0,6,Lawschool,0.15,0.7868580894533407,0.0640478454968119,736.8783430000001
0,6,Lawschool,0.25,0.786271397018222,0.0571249233381452,718.210842
0,6,Lawschool,0.35,0.7875138045278851,0.0470282277114801,724.1357290000005
0,6,Lawschool,0.45,0.7859262838210933,0.0476224595345005,718.5725890000003
0,6,Lawschool,0.55,0.7869271120927664,0.036964862006233,199.97811300000467
0,6,Lawschool,0.65,0.7869616234124793,0.0295855931202185,199.4755920000025
0,6,Lawschool,0.75,0.7862368856985091,0.019197549054784,198.286035000001
0,6,Lawschool,0.8500000000000001,0.7857192159028161,0.0113737112278609,199.27556899999763
0,6,Lawschool,0.95,0.7834759801214799,0.001544322785172,199.45551599999817
0,7,Lawschool,0.05,0.7917241855328547,0.0718539840536118,714.103549
0,7,Lawschool,0.15,0.7921728326891221,0.0715596296642192,740.5461659999999
0,7,Lawschool,0.25,0.7916551628934291,0.0631726387310227,718.8296910000004
0,7,Lawschool,0.35,0.7917586968525676,0.0478858090211459,711.954847
0,7,Lawschool,0.45,0.7912410270568746,0.0488557030014284,719.5993740000004
0,7,Lawschool,0.55,0.7905508006626173,0.0442271096611308,200.22980499999903
0,7,Lawschool,0.65,0.7901366648260629,0.033845638159521,199.05669000000125
0,7,Lawschool,0.75,0.7893083931529542,0.0254853956807455,198.28057300000364
0,7,Lawschool,0.8500000000000001,0.7889287686361126,0.0158035780449098,198.9685360000003
0,7,Lawschool,0.95,0.7877208724461623,0.0049951448854281,199.08609299999443
0,8,Lawschool,0.05,0.7897570403092214,0.0880782989882566,712.7722829999999
0,8,Lawschool,0.15,0.7899295969077857,0.0688170924876331,740.864266
0,8,Lawschool,0.25,0.7899986195472115,0.058761720190668,712.6896260000003
0,8,Lawschool,0.35,0.790378244064053,0.0503274432909955,717.3868890000003
0,8,Lawschool,0.45,0.7902056874654887,0.0351153860955606,718.7981209999998
0,8,Lawschool,0.55,0.7902056874654887,0.0403536621733485,198.1545460000016
0,8,Lawschool,0.65,0.78986057426836,0.0312541103396608,200.225698000002
0,8,Lawschool,0.75,0.7900331308669244,0.0220914554311378,198.32148100000268
0,8,Lawschool,0.8500000000000001,0.7895154610712314,0.0114301615578648,197.44160700000063
0,8,Lawschool,0.95,0.7883075648812811,0.001041403667777,198.8300209999943
0,9,Lawschool,0.05,0.7910339591385974,0.073273708594884,715.736381
0,9,Lawschool,0.15,0.7907233572611817,0.0649962206594433,737.850709
0,9,Lawschool,0.25,0.7906543346217559,0.0568748217663482,714.9730030000001
0,9,Lawschool,0.35,0.790378244064053,0.0449095399163749,719.5443579999992
0,9,Lawschool,0.45,0.7905853119823302,0.0410679190309261,722.2381289999994
0,9,Lawschool,0.55,0.7905853119823302,0.0372162349844691,198.51508699999977
0,9,Lawschool,0.65,0.7898950855880729,0.0282968384280939,198.90225500000088
0,9,Lawschool,0.75,0.7896880176697957,0.0210718801014104,198.6238029999986
0,9,Lawschool,0.8500000000000001,0.7891358365543898,0.0136529216379634,199.02227400000265
0,9,Lawschool,0.95,0.7889977912755384,0.0092837490129038,198.63666999999987
0,10,Lawschool,0.05,0.7905508006626173,0.076510238841941,710.0137189999999
0,10,Lawschool,0.15,0.7902747101049145,0.0642780863291569,741.61142
0,10,Lawschool,0.25,0.7903092214246272,0.0643602558358695,714.3397550000004
0,10,Lawschool,0.35,0.79010215350635,0.053705738540685,713.8182710000001
0,10,Lawschool,0.45,0.7897570403092214,0.0474803604257751,725.256351
0,10,Lawschool,0.55,0.7897570403092214,0.0402976254847131,186.3155169999991
0,10,Lawschool,0.65,0.7891703478741027,0.032745562267299,200.65841400000136
0,10,Lawschool,0.75,0.7888252346769741,0.0250454780701076,197.98617399999785
0,10,Lawschool,0.8500000000000001,0.7882730535615682,0.0187260540097946,199.16296599999987
0,10,Lawschool,0.95,0.7889632799558255,0.010395166772235,197.2936180000033
0,11,Lawschool,0.05,0.7902056874654887,0.0726160170995847,707.9296119999999
0,11,Lawschool,0.15,0.789101325234677,0.0696553984627458,735.7380239999998
0,11,Lawschool,0.25,0.7899295969077857,0.0559028238728383,714.4697140000003
0,11,Lawschool,0.35,0.7892738818332413,0.0487495599286754,711.9553879999994
0,11,Lawschool,0.45,0.7897570403092214,0.047276791437506,725.7685270000002
0,11,Lawschool,0.55,0.7891703478741027,0.0344929581454033,198.8003540000027
0,11,Lawschool,0.65,0.7885491441192711,0.0222273715453926,198.8762999999999
0,11,Lawschool,0.75,0.7875828271673109,0.0127905058920606,198.865264
0,11,Lawschool,0.8500000000000001,0.7868235781336278,0.0014678262742761,198.84371199999805
0,11,Lawschool,0.95,0.786029817780232,0.0061960646049749,198.9594339999967
0,12,Lawschool,0.05,0.7864094422970734,0.0732896681007639,709.223177
0,12,Lawschool,0.15,0.7872032026504694,0.0723629505807723,740.6783139999998
0,12,Lawschool,0.25,0.7869271120927664,0.0662019540683327,717.4702280000001
0,12,Lawschool,0.35,0.7862023743787963,0.052902781172492,721.3588479999999
0,12,Lawschool,0.45,0.7868580894533407,0.0453593760832983,726.4548890000005
0,12,Lawschool,0.55,0.7865819988956377,0.0427268829675359,193.294206999999
0,12,Lawschool,0.65,0.7863059083379348,0.034092866996129,199.8386759999994
0,12,Lawschool,0.75,0.7858917725013804,0.0239912659821222,198.18552999999883
0,12,Lawschool,0.8500000000000001,0.7853050800662618,0.0153005345050895,199.350018000001
0,12,Lawschool,0.95,0.7838556046383214,0.0047243494078262,199.55753099999856
0,13,Lawschool,0.05,0.7901366648260629,0.0797378522892675,714.454728
0,13,Lawschool,0.15,0.7911374930977361,0.0662833249657671,743.484336
0,13,Lawschool,0.25,0.7904472667034788,0.0621733279118954,714.1598860000004
0,13,Lawschool,0.35,0.791413583655439,0.0510498906323532,718.8650930000003
0,13,Lawschool,0.45,0.7904817780231916,0.0392532802889788,720.5661769999997
0,13,Lawschool,0.55,0.7896189950303699,0.0355076944816412,200.27880799999912
0,13,Lawschool,0.65,0.788859745996687,0.0266928200053622,199.49355899999864
0,13,Lawschool,0.75,0.7888942573163997,0.0191311843542603,197.83959400000091
0,13,Lawschool,0.8500000000000001,0.789101325234677,0.0129770157720301,199.65101800000048
0,13,Lawschool,0.95,0.7891703478741027,0.0018277475821764,198.6376759999985
0,14,Lawschool,0.05,0.7893083931529542,0.0690535842435123,715.7439640000001
0,14,Lawschool,0.15,0.7907233572611817,0.059256039041028,744.8091469999999
0,14,Lawschool,0.25,0.7900331308669244,0.0534160280737164,716.6819810000006
0,14,Lawschool,0.35,0.7898260629486472,0.0474002663732666,719.8369430000002
0,14,Lawschool,0.45,0.7897225289895086,0.0394250490224902,721.8817929999996
0,14,Lawschool,0.55,0.78986057426836,0.0367793962091086,199.17396599999847
0,14,Lawschool,0.65,0.7894119271120927,0.0294987364366822,199.7474860000002
0,14,Lawschool,0.75,0.7895499723909443,0.0209145677918895,199.6006789999992
0,14,Lawschool,0.8500000000000001,0.788859745996687,0.0115971822318386,197.9856680000012
0,14,Lawschool,0.95,0.7880314743235781,0.0044451320990512,200.11130799999955
0,15,Lawschool,0.05,0.7905162893429045,0.0650364522161764,711.945
0,15,Lawschool,0.15,0.7906543346217559,0.0604263019435384,738.299689
0,15,Lawschool,0.25,0.7895499723909443,0.0516726686059925,708.661114
0,15,Lawschool,0.35,0.7900676421866372,0.0412585985606939,712.7862329999989
0,15,Lawschool,0.45,0.7892738818332413,0.035295644787221,730.0606500000004
0,15,Lawschool,0.55,0.7888942573163997,0.0277772302731172,195.64019700000063
0,15,Lawschool,0.65,0.7886181667586969,0.0210193480417561,200.29050800000184
0,15,Lawschool,0.75,0.7882385422418553,0.0160349461274737,199.607340999999
0,15,Lawschool,0.8500000000000001,0.7877553837658752,0.0082033428444554,198.66717000000065
0,15,Lawschool,0.95,0.7873757592490337,0.0031419360099741,195.83331599999656
0,16,Lawschool,0.05,0.7882385422418553,0.0693070134545592,716.758473
0,16,Lawschool,0.15,0.7882040309221424,0.056354194674086,740.931112
0,16,Lawschool,0.25,0.7881350082827168,0.0528605695780969,709.7498379999997
0,16,Lawschool,0.35,0.7880314743235781,0.045135574415945,714.9371499999997
0,16,Lawschool,0.45,0.788583655438984,0.0299010151863487,726.5250340000002
0,16,Lawschool,0.55,0.7883765875207068,0.0356509287267056,191.270241000002
0,16,Lawschool,0.65,0.7881004969630039,0.0262742770134095,198.85706999999456
0,16,Lawschool,0.75,0.787548315847598,0.0183686603830297,198.35938899999744
0,16,Lawschool,0.8500000000000001,0.7876863611264495,0.0096402509539826,199.4031160000013
0,16,Lawschool,0.95,0.7872377139701823,0.0017398699916439,195.97282099999936
0,17,Lawschool,0.05,0.7914480949751519,0.0707004065078725,718.914105
0,17,Lawschool,0.15,0.7907578685808946,0.0580061093262647,739.3745389999999
0,17,Lawschool,0.25,0.791413583655439,0.0542092454002479,718.8923600000003
0,17,Lawschool,0.35,0.7907233572611817,0.0424016474184252,721.535127000001
0,17,Lawschool,0.45,0.7906543346217559,0.0399283927952567,726.4032339999994
0,17,Lawschool,0.55,0.7907923799006074,0.037432307228784,200.31721800000375
0,17,Lawschool,0.65,0.7908614025400331,0.0305525829797464,198.3868079999993
0,17,Lawschool,0.75,0.7907233572611817,0.0216351482567306,199.67502800000148
0,17,Lawschool,0.8500000000000001,0.7895844837106571,0.0098065731261454,199.19214400000052
0,17,Lawschool,0.95,0.7878934290447267,0.0013379518185138,198.42256899999848
0,18,Lawschool,0.05,0.7878934290447267,0.0749083419666618,710.005448
0,18,Lawschool,0.15,0.7875828271673109,0.0775328480058561,733.0050590000001
0,18,Lawschool,0.25,0.7885491441192711,0.0669146293045156,707.4426279999998
0,18,Lawschool,0.35,0.7878589177250138,0.0582584896120895,711.0512310000004
0,18,Lawschool,0.45,0.7878934290447267,0.0482377541145306,719.843433
0,18,Lawschool,0.55,0.7873067366096079,0.039193890084803,189.5755199999985
0,18,Lawschool,0.65,0.7870651573716179,0.0304668937697351,199.2846600000012
0,18,Lawschool,0.75,0.7868235781336278,0.0222119518353319,198.07683600000385
0,18,Lawschool,0.8500000000000001,0.7863059083379348,0.0122887290086043,199.2325230000024
0,18,Lawschool,0.95,0.7859262838210933,0.0043568583782576,197.27088900000308
0,19,Lawschool,0.05,0.7915516289342904,0.0816073800785484,709.035277
0,19,Lawschool,0.15,0.7908614025400331,0.0652754843532318,744.846972
0,19,Lawschool,0.25,0.7906888459414688,0.057813476086279,720.0129129999996
0,19,Lawschool,0.35,0.7905853119823302,0.0444258306258171,717.1372730000003
0,19,Lawschool,0.45,0.7904817780231916,0.0428714273140454,718.9661720000004
0,19,Lawschool,0.55,0.7903437327443401,0.0371131975223119,192.9049070000001
0,19,Lawschool,0.65,0.7894809497515185,0.0297697634063112,199.93790399999853
0,19,Lawschool,0.75,0.7893429044726671,0.0203668283622351,197.94156899999507
0,19,Lawschool,0.8500000000000001,0.7896189950303699,0.0124818666349299,205.38425799999823
0,19,Lawschool,0.95,0.7888252346769741,0.0094738699707965,199.33084700000109
0,20,Lawschool,0.05,0.7883075648812811,0.0679847300972068,705.913576
0,20,Lawschool,0.15,0.7878589177250138,0.0626603482831745,741.510863
0,20,Lawschool,0.25,0.7868235781336278,0.0526349427009611,714.166084
0,20,Lawschool,0.35,0.7875828271673109,0.044386304488633,719.7149440000003
0,20,Lawschool,0.45,0.7875828271673109,0.0317051160983,724.1888150000004
0,20,Lawschool,0.55,0.7879624516841524,0.0351503463921339,193.72761299999547
0,20,Lawschool,0.65,0.787272225289895,0.0274133259479715,200.53656400000185
0,20,Lawschool,0.75,0.7867890668139149,0.0206882579383483,199.883504999998
0,20,Lawschool,0.8500000000000001,0.7873757592490337,0.0130419204256155,205.1120289999999
0,20,Lawschool,0.95,0.7868580894533407,0.0070496056480177,197.5413919999992
0,21,Lawschool,0.05,0.7918277194919934,0.0711973891733037,710.317102
0,21,Lawschool,0.15,0.7921383213694092,0.0723133052319137,737.4938689999999
0,21,Lawschool,0.25,0.791931253451132,0.0575766744264855,717.1165520000004
0,21,Lawschool,0.35,0.7909649364991718,0.0502752787407969,717.1334209999995
0,21,Lawschool,0.45,0.7912410270568746,0.0403772376022108,725.5934500000003
0,21,Lawschool,0.55,0.7882040309221424,0.0372195895524247,197.019809999998
0,21,Lawschool,0.65,0.788065985643291,0.0268800678832831,199.2900060000029
0,21,Lawschool,0.75,0.788065985643291,0.0190132212504643,198.55237599999964
0,21,Lawschool,0.8500000000000001,0.7879624516841524,0.0116101819771468,204.94485899999927
0,21,Lawschool,0.95,0.7863404196576477,0.0062187207142679,197.3970449999979
0,22,Lawschool,0.05,0.7911374930977361,0.0641878668627589,707.5632320000001
0,22,Lawschool,0.15,0.7911374930977361,0.0651186288019137,738.08565
0,22,Lawschool,0.25,0.7904472667034788,0.0569407610714506,715.2653260000002
0,22,Lawschool,0.35,0.791172004417449,0.0472361868177647,717.5521460000009
0,22,Lawschool,0.45,0.7913790723357261,0.0372743443884085,724.8588760000002
0,22,Lawschool,0.55,0.790378244064053,0.0291919836259815,199.5901789999989
0,22,Lawschool,0.65,0.7904472667034788,0.0213828180700606,200.3545400000039
0,22,Lawschool,0.75,0.7898950855880729,0.0128883484523659,198.24714400000084
0,22,Lawschool,0.8500000000000001,0.7888942573163997,0.0053781705673709,205.51889700000535
0,22,Lawschool,0.95,0.7863404196576477,0.0031387171438038,198.1966629999988
0,23,Lawschool,0.05,0.7907578685808946,0.0741198120159995,717.1213479999999
0,23,Lawschool,0.15,0.7899986195472115,0.0637648973037456,747.0482059999997
0,23,Lawschool,0.25,0.7898950855880729,0.0620210129536162,713.7948080000001
0,23,Lawschool,0.35,0.7898950855880729,0.0543856909362599,720.9488409999994
0,23,Lawschool,0.45,0.7892393705135284,0.0430739524408442,724.0556039999992
0,23,Lawschool,0.55,0.7895499723909443,0.0417533220746574,198.69193700000324
0,23,Lawschool,0.65,0.788859745996687,0.0296721545982057,200.06042900000105
0,23,Lawschool,0.75,0.7884801214798454,0.0245542885253704,198.71286600000167
0,23,Lawschool,0.8500000000000001,0.7885491441192711,0.017730594990367,205.32310199999847
0,23,Lawschool,0.95,0.7898950855880729,0.0110332121945659,197.6179950000005
0,24,Lawschool,0.05,0.788065985643291,0.0698578214588587,708.96909
0,24,Lawschool,0.15,0.787789895085588,0.0640369825758504,733.1807880000001
0,24,Lawschool,0.25,0.7879624516841524,0.0616576922261372,711.158598
0,24,Lawschool,0.35,0.7874792932081722,0.0542158074624132,715.4724379999998
0,24,Lawschool,0.45,0.787272225289895,0.0411919530365997,723.6999260000002
0,24,Lawschool,0.55,0.7878934290447267,0.0408511401887807,200.9171739999947
0,24,Lawschool,0.65,0.7872377139701823,0.0323511724693085,199.7050930000005
0,24,Lawschool,0.75,0.7868926007730536,0.0244589951573374,197.9108629999973
0,24,Lawschool,0.8500000000000001,0.7860643290999448,0.0179632522700795,206.3251879999989
0,24,Lawschool,0.95,0.7845458310325787,0.0091059227284203,196.0440280000039
0,25,Lawschool,0.05,0.7866165102153506,0.0812223207432628,734.930173
0,25,Lawschool,0.15,0.7869271120927664,0.0734248841368108,717.471
0,25,Lawschool,0.25,0.7864094422970734,0.0645558555726232,724.6777099999999
0,25,Lawschool,0.35,0.787030646051905,0.0619857258682295,707.4799730000004
0,25,Lawschool,0.45,0.7866165102153506,0.0498737563383478,197.8825550000001
0,25,Lawschool,0.55,0.7862023743787963,0.0459707289029773,199.25313299999837
0,25,Lawschool,0.65,0.786029817780232,0.0412744764224519,199.80341899999985
0,25,Lawschool,0.75,0.7859262838210933,0.0336678995945478,199.6368700000021
0,25,Lawschool,0.8500000000000001,0.785753727222529,0.0286486889996153,205.95061300000089
0,25,Lawschool,0.95,0.7847528989508559,0.0202797132971393,197.8925879999988
0,26,Lawschool,0.05,0.7863059083379348,0.0711975731009149,742.529635
0,26,Lawschool,0.15,0.7866855328547764,0.0781706656283405,723.1287660000003
0,26,Lawschool,0.25,0.7865819988956377,0.0661632825561116,725.5760379999997
0,26,Lawschool,0.35,0.7868580894533407,0.0634979377267295,713.8261540000003
0,26,Lawschool,0.45,0.7860988404196576,0.0553392062289365,198.50627199999872
0,26,Lawschool,0.55,0.7861678630590834,0.0452388607164371,198.1125949999987
0,26,Lawschool,0.65,0.7857192159028161,0.0378128791859003,200.46610099999816
0,26,Lawschool,0.75,0.7847874102705688,0.0298274672552377,198.86782999999923
0,26,Lawschool,0.8500000000000001,0.7845803423522916,0.0223605563851455,205.6115119999995
0,26,Lawschool,0.95,0.7834759801214799,0.0160191507280475,198.3409700000011
0,27,Lawschool,0.05,0.7892393705135284,0.0715371589744872,737.9407740000001
0,27,Lawschool,0.15,0.7882040309221424,0.0624816224873595,717.0274499999996
0,27,Lawschool,0.25,0.7885491441192711,0.0547386598016487,731.8149909999997
0,27,Lawschool,0.35,0.7881004969630039,0.0510707932891497,714.215995999999
0,27,Lawschool,0.45,0.7870996686913307,0.0435880677298716,198.77368399999975
0,27,Lawschool,0.55,0.7871341800110436,0.0372116669766302,199.7073850000052
0,27,Lawschool,0.65,0.7870651573716179,0.0302585739881484,199.0074270000005
0,27,Lawschool,0.75,0.7867545554942021,0.0219397276945996,200.24109599999792
0,27,Lawschool,0.8500000000000001,0.7851325234676974,0.0150786773328133,205.0779880000009
0,27,Lawschool,0.95,0.7842697404748757,0.0075921046674077,199.2583250000025
0,28,Lawschool,0.05,0.7904472667034788,0.0762323796031665,741.119853
0,28,Lawschool,0.15,0.7898950855880729,0.0518725904350366,720.3703700000005
0,28,Lawschool,0.25,0.79010215350635,0.0546285895211808,729.6465009999997
0,28,Lawschool,0.35,0.7906888459414688,0.0547335304521254,722.6814480000012
0,28,Lawschool,0.45,0.7894809497515185,0.0535849334052311,198.81370400000012
0,28,Lawschool,0.55,0.7892738818332413,0.045486228741013,199.5385629999946
0,28,Lawschool,0.65,0.7892738818332413,0.0373050169437947,199.5880479999978
0,28,Lawschool,0.75,0.7889977912755384,0.0303121930836582,198.52264300000024
0,28,Lawschool,0.8500000000000001,0.7882385422418553,0.0209512718954797,206.11916500000007
0,28,Lawschool,0.95,0.787548315847598,0.0110345337085122,197.23235199999544
0,29,Lawschool,0.05,0.7901711761457758,0.0754628635985251,743.929498
0,29,Lawschool,0.15,0.7898950855880729,0.0716968865462894,718.439046
0,29,Lawschool,0.25,0.7890323025952513,0.0536028545994855,730.137643
0,29,Lawschool,0.35,0.788065985643291,0.0501086350085928,709.953864000001
0,29,Lawschool,0.45,0.7886871893981225,0.0539091792002267,199.47037499999715
0,29,Lawschool,0.55,0.7884110988404197,0.0471367876879287,199.83259700000053
0,29,Lawschool,0.65,0.7882385422418553,0.0401658637427378,198.94556300000116
0,29,Lawschool,0.75,0.7867890668139149,0.0340010735322004,199.4833090000029
0,29,Lawschool,0.8500000000000001,0.7878934290447267,0.0306162007159543,206.51875700000164
0,29,Lawschool,0.95,0.7869616234124793,0.0208466431299197,197.39510500000324
0,30,Lawschool,0.05,0.789101325234677,0.0783635739139796,738.0698109999998
0,30,Lawschool,0.15,0.7883075648812811,0.0788405676883817,717.6861600000002
0,30,Lawschool,0.25,0.7881350082827168,0.0668522252185544,726.8679839999995
0,30,Lawschool,0.35,0.7887562120375483,0.0530073452432915,705.3732359999995
0,30,Lawschool,0.45,0.7890323025952513,0.0544073597171253,198.49620200000209
0,30,Lawschool,0.55,0.7888252346769741,0.044028086756536,201.1958950000044
0,30,Lawschool,0.65,0.7883765875207068,0.0352935009423908,198.39878300000052
0,30,Lawschool,0.75,0.7879624516841524,0.026589881977618,199.25082699999984
0,30,Lawschool,0.8500000000000001,0.7876863611264495,0.0184816730005606,204.6534309999988
0,30,Lawschool,0.95,0.7871341800110436,0.0114824131549504,198.3924100000004
0,31,Lawschool,0.05,0.7890668139149641,0.064346629598263,743.457232
0,31,Lawschool,0.15,0.7893429044726671,0.0574691347800146,723.094791
0,31,Lawschool,0.25,0.7891358365543898,0.0480171112576293,718.2847299999994
0,31,Lawschool,0.35,0.7885491441192711,0.0382408731441063,717.2355930000003
0,31,Lawschool,0.45,0.7876863611264495,0.0452484477412049,199.0575499999977
0,31,Lawschool,0.55,0.7874102705687466,0.0356972598270036,197.62329300000056
0,31,Lawschool,0.65,0.7876518498067366,0.0250297906814962,198.9325580000041
0,31,Lawschool,0.75,0.7877208724461623,0.0160186068811445,200.02589099999383
0,31,Lawschool,0.8500000000000001,0.7867545554942021,0.0047003630809478,205.6018499999955
0,31,Lawschool,0.95,0.7867890668139149,0.0046168048686286,198.419675000001
0,32,Lawschool,0.05,0.7875138045278851,0.0752024021727395,739.2258479999999
0,32,Lawschool,0.15,0.7881695196024296,0.0642393438234804,720.3077370000001
0,32,Lawschool,0.25,0.7885146327995582,0.0564939815981814,725.4871839999996
0,32,Lawschool,0.35,0.7876518498067366,0.0461813640587753,711.4747509999997
0,32,Lawschool,0.45,0.7877553837658752,0.0464929519271925,199.8306819999998
0,32,Lawschool,0.55,0.7878244064053009,0.0382524859880306,199.71540299999836
0,32,Lawschool,0.65,0.7876863611264495,0.0292035071645514,199.19498399999796
0,32,Lawschool,0.75,0.787030646051905,0.0216034921028071,199.5394589999996
0,32,Lawschool,0.8500000000000001,0.7864439536167863,0.0123183188440688,204.4567050000005
0,32,Lawschool,0.95,0.7853395913859746,0.0038888973566995,197.1063969999996
0,33,Lawschool,0.05,0.79576200993926,0.0711713666762507,741.3065050000002
0,33,Lawschool,0.15,0.7944505797901712,0.0531802348853978,718.589688
0,33,Lawschool,0.25,0.7948647156267256,0.0598215398037332,727.7440689999999
0,33,Lawschool,0.35,0.7944160684704583,0.0509031941359877,708.0563380000003
0,33,Lawschool,0.45,0.7945541137493097,0.0403312444537159,197.76895499999955
0,33,Lawschool,0.55,0.7944160684704583,0.0321228353280166,199.00686900000076
0,33,Lawschool,0.65,0.794243511871894,0.0253594467032467,198.5401680000032
0,33,Lawschool,0.75,0.7933807288790723,0.0201845223677443,199.06145900000047
0,33,Lawschool,0.8500000000000001,0.7928975704030922,0.0122686757321582,204.88713300000015
0,33,Lawschool,0.95,0.7907578685808946,0.0026595128659177,197.1086280000054
0,34,Lawschool,0.05,0.7886181667586969,0.0693181826312976,736.766657
0,34,Lawschool,0.15,0.787789895085588,0.0677376054784534,719.9840270000004
0,34,Lawschool,0.25,0.7891358365543898,0.0610122265755917,730.3261770000008
0,34,Lawschool,0.35,0.7892738818332413,0.0549292636927042,708.8966920000003
0,34,Lawschool,0.45,0.788342076200994,0.0529493223887948,200.74340700000172
0,34,Lawschool,0.55,0.7879279403644396,0.0458094000600798,198.91977400000175
0,34,Lawschool,0.65,0.7876863611264495,0.0390270468929446,197.5077020000026
0,34,Lawschool,0.75,0.787272225289895,0.0316689760019029,199.31370099999916
0,34,Lawschool,0.8500000000000001,0.787030646051905,0.0223541547054195,205.0861909999985
0,34,Lawschool,0.95,0.7870651573716179,0.0111641731344168,195.9448769999981
0,35,Lawschool,0.05,0.7957965212589729,0.0713464664223094,738.1261279999999
0,35,Lawschool,0.15,0.795244340143567,0.0617931014933531,719.4063150000002
0,35,Lawschool,0.25,0.7949337382661513,0.0580546662354433,728.5330520000007
0,35,Lawschool,0.35,0.7944850911098841,0.0465477348738775,709.9866630000006
0,35,Lawschool,0.45,0.7945886250690226,0.0458351289094329,199.7578660000036
0,35,Lawschool,0.55,0.794519602429597,0.0377847573947087,199.24397699999827
0,35,Lawschool,0.65,0.7939674213141911,0.0313970720390222,199.64957499999943
0,35,Lawschool,0.75,0.7937603533959139,0.0239841030576578,198.48356200000129
0,35,Lawschool,0.8500000000000001,0.7933807288790723,0.0160299259560824,206.2941409999985
0,35,Lawschool,0.95,0.7918967421314191,0.0069087822090308,198.8570749999999
0,36,Lawschool,0.05,0.7888252346769741,0.0662008494780527,740.560074
0,36,Lawschool,0.15,0.7879969630038652,0.0607730774979595,721.262217
0,36,Lawschool,0.25,0.788859745996687,0.0482289483408803,725.2694510000001
0,36,Lawschool,0.35,0.7884456101601325,0.047080376858108,715.813494
0,36,Lawschool,0.45,0.7873067366096079,0.0432266925415645,200.23313300000157
0,36,Lawschool,0.55,0.787548315847598,0.0318119473590349,198.3586890000006
0,36,Lawschool,0.65,0.7867200441744893,0.0251007844987717,198.7201079999977
0,36,Lawschool,0.75,0.7866165102153506,0.0124813775578607,199.84895699999836
0,36,Lawschool,0.8500000000000001,0.786271397018222,0.0039416572316016,204.7370269999992
0,36,Lawschool,0.95,0.7851670347874102,0.0011764356063483,194.348747
0,37,Lawschool,0.05,0.7914826062948647,0.0803319844355161,740.1618360000002
0,37,Lawschool,0.15,0.7913790723357261,0.0700031657190614,720.384262
0,37,Lawschool,0.25,0.7909994478188846,0.0638704141544424,728.3344789999992
0,37,Lawschool,0.35,0.7911374930977361,0.0483993943527189,719.4146019999989
0,37,Lawschool,0.45,0.7895499723909443,0.0502948219087054,199.58557700000165
0,37,Lawschool,0.55,0.788859745996687,0.0413616571725244,197.58394900000349
0,37,Lawschool,0.65,0.7886181667586969,0.0343330252033446,198.51231499999997
0,37,Lawschool,0.75,0.7889977912755384,0.0240194984174419,200.0425310000028
0,37,Lawschool,0.8500000000000001,0.788859745996687,0.0175344897554316,205.67202599999652
0,37,Lawschool,0.95,0.788859745996687,0.0096294299715808,192.91544599999904
0,38,Lawschool,0.05,0.7887562120375483,0.0699601321651555,737.3178929999999
0,38,Lawschool,0.15,0.7887217007178354,0.0652678474325523,720.7375740000002
0,38,Lawschool,0.25,0.7883765875207068,0.0613033640306033,733.7610089999998
0,38,Lawschool,0.35,0.7883765875207068,0.0484195035161132,714.8459770000009
0,38,Lawschool,0.45,0.7881695196024296,0.0475210628287334,198.1087030000017
0,38,Lawschool,0.55,0.7879969630038652,0.0401082894920918,197.14621500000067
0,38,Lawschool,0.65,0.7873067366096079,0.0312344113496051,198.7707819999996
0,38,Lawschool,0.75,0.7863749309773606,0.0228852531765046,199.4020700000001
0,38,Lawschool,0.8500000000000001,0.7856847045831032,0.0140930691270734,205.50989100000152
0,38,Lawschool,0.95,0.7849944781888459,0.0066323797635059,154.60807700000078
0,39,Lawschool,0.05,0.789101325234677,0.0684476547800124,739.5632429999998
0,39,Lawschool,0.15,0.7893774157923799,0.0637060913851931,715.1307240000001
0,39,Lawschool,0.25,0.7890668139149641,0.0565640551576808,723.833885
0,39,Lawschool,0.35,0.7882040309221424,0.048638631143996,712.2514169999995
0,39,Lawschool,0.45,0.788859745996687,0.0430636614001356,199.17969799999992
0,39,Lawschool,0.55,0.7885146327995582,0.0367393344323841,197.87774699999864
0,39,Lawschool,0.65,0.7890323025952513,0.0285985148383827,199.4786030000032
0,39,Lawschool,0.75,0.7888942573163997,0.0184809953370372,199.32773500000255
0,39,Lawschool,0.8500000000000001,0.7884456101601325,0.0120545766824417,206.4886860000006
0,39,Lawschool,0.95,0.7865474875759249,0.0021357799071232,157.58017500000278
0,40,Lawschool,0.05,0.7917586968525676,0.0607159455094809,737.2356980000001
0,40,Lawschool,0.15,0.7915861402540033,0.0579934347352281,717.9289599999997
0,40,Lawschool,0.25,0.7914826062948647,0.0540354248035179,732.5244660000008
0,40,Lawschool,0.35,0.7902747101049145,0.0356102609047126,719.6332700000003
0,40,Lawschool,0.45,0.7899641082274986,0.0340568461392819,199.2122890000028
0,40,Lawschool,0.55,0.7901711761457758,0.0286214730159044,198.9936799999996
0,40,Lawschool,0.65,0.7890323025952513,0.0200532501468102,198.5381159999997
0,40,Lawschool,0.75,0.7889977912755384,0.0138682737767499,199.982597000002
0,40,Lawschool,0.8500000000000001,0.7884801214798454,0.0073514404350658,206.3358399999997
0,40,Lawschool,0.95,0.7879279403644396,0.0015680278548812,141.59085100000084
0,41,Lawschool,0.05,0.7896189950303699,0.0735656174976753,736.7953590000002
0,41,Lawschool,0.15,0.7898950855880729,0.0627373827273792,713.5874590000003
0,41,Lawschool,0.25,0.7896535063500828,0.0527312289679717,731.4643919999999
0,41,Lawschool,0.35,0.7896189950303699,0.0466981386579068,707.7382779999998
0,41,Lawschool,0.45,0.7889977912755384,0.0372725818909345,200.05676199999647
0,41,Lawschool,0.55,0.788342076200994,0.0274408818638599,199.41196900000068
0,41,Lawschool,0.65,0.7886181667586969,0.0203043194433034,199.0929419999993
0,41,Lawschool,0.75,0.7879279403644396,0.0114942844407588,199.7855840000011
0,41,Lawschool,0.8500000000000001,0.7879279403644396,0.0068029421386209,205.837612000003
0,41,Lawschool,0.95,0.7875138045278851,0.0030508987842679,145.38829200000328
0,42,Lawschool,0.05,0.7903092214246272,0.075598626443426,737.5706720000002
0,42,Lawschool,0.15,0.7895844837106571,0.0688347115627591,712.7711180000001
0,42,Lawschool,0.25,0.7903437327443401,0.0570119195718439,726.7358169999998
0,42,Lawschool,0.35,0.7908268912203202,0.0552241868788819,716.5364879999997
0,42,Lawschool,0.45,0.7890323025952513,0.0539676868554953,199.1321819999976
0,42,Lawschool,0.55,0.7885146327995582,0.0436748057368086,198.53037600000243
0,42,Lawschool,0.65,0.788583655438984,0.0348405765813959,196.9850189999997
0,42,Lawschool,0.75,0.7876518498067366,0.0226075191253473,200.22405900000007
0,42,Lawschool,0.8500000000000001,0.7870996686913307,0.0124322072901322,197.79532700000345
0,42,Lawschool,0.95,0.7877208724461623,0.0036890886966557,149.76792600000044
0,43,Lawschool,0.05,0.7930356156819437,0.0714587615716314,747.176882
0,43,Lawschool,0.15,0.7922763666482606,0.0663689270824107,712.8703710000004
0,43,Lawschool,0.25,0.7924834345665378,0.0614399970068829,720.6158020000003
0,43,Lawschool,0.35,0.7915171176145775,0.0507731056127007,711.7205789999989
0,43,Lawschool,0.45,0.7910684704583103,0.049252154905627,199.1826949999995
0,43,Lawschool,0.55,0.7906198233020431,0.0405534390363089,197.83451199999763
0,43,Lawschool,0.65,0.7903437327443401,0.0320667092174324,198.99147799999992
0,43,Lawschool,0.75,0.7894809497515185,0.0236143161542614,200.17543500000104
0,43,Lawschool,0.8500000000000001,0.7891703478741027,0.0168313048597843,198.87468399999847
0,43,Lawschool,0.95,0.7873412479293208,0.0090310725093261,151.7059739999968
0,44,Lawschool,0.05,0.7904127553837659,0.0611704404735808,736.3906999999999
0,44,Lawschool,0.15,0.7897225289895086,0.0614144567890831,719.00839
0,44,Lawschool,0.25,0.7905508006626173,0.0588590905199178,735.9283250000003
0,44,Lawschool,0.35,0.7902401987852016,0.049532488677807,711.7876720000004
0,44,Lawschool,0.45,0.7906198233020431,0.0467641631538645,200.15102900000056
0,44,Lawschool,0.55,0.7900676421866372,0.0414252927351188,197.33603100000252
0,44,Lawschool,0.65,0.7897225289895086,0.0343895533217638,198.678060000002
0,44,Lawschool,0.75,0.7894119271120927,0.0287928875807761,200.8191079999997
0,44,Lawschool,0.8500000000000001,0.7889632799558255,0.0216663901212774,199.75160299999695
0,44,Lawschool,0.95,0.7884456101601325,0.0119933584704887,155.74294499999814
0,45,Lawschool,0.05,0.7914826062948647,0.0795187762522041,737.6426220000001
0,45,Lawschool,0.15,0.7910684704583103,0.0572305031409644,720.0089549999998
0,45,Lawschool,0.25,0.7905853119823302,0.0587466721020854,723.8471910000007
0,45,Lawschool,0.35,0.79010215350635,0.0478081403885481,708.814316
0,45,Lawschool,0.45,0.7889977912755384,0.0480399278927786,199.9226830000007
0,45,Lawschool,0.55,0.789101325234677,0.0397901760990192,197.98643799999627
0,45,Lawschool,0.65,0.7890668139149641,0.0347843457877126,197.62704799999847
0,45,Lawschool,0.75,0.7886526780784097,0.0229832657438036,201.1356139999989
0,45,Lawschool,0.8500000000000001,0.7884801214798454,0.0147303244918946,199.29030000000057
0,45,Lawschool,0.95,0.787789895085588,0.0070777108143156,154.758471000001
0,46,Lawschool,0.05,0.7892393705135284,0.0766923545032477,734.8693980000002
0,46,Lawschool,0.15,0.7899986195472115,0.0653373449702579,724.6447340000004
0,46,Lawschool,0.25,0.7899641082274986,0.0603391893675366,722.9800150000001
0,46,Lawschool,0.35,0.7887907233572612,0.0607970206980112,716.7915649999995
0,46,Lawschool,0.45,0.7887562120375483,0.0516572324373338,198.84626299999945
0,46,Lawschool,0.55,0.7886526780784097,0.04263180999644,198.6432969999987
0,46,Lawschool,0.65,0.788342076200994,0.0331157873874142,199.56788499999675
0,46,Lawschool,0.75,0.7882730535615682,0.0241835371432965,198.97229099999825
0,46,Lawschool,0.8500000000000001,0.7877553837658752,0.0168017093040342,199.8141379999979
0,46,Lawschool,0.95,0.7869616234124793,0.0071457658438357,146.7254090000024
0,47,Lawschool,0.05,0.7865819988956377,0.0780148140002886,742.3749329999998
0,47,Lawschool,0.15,0.7866510215350635,0.0794794672578669,717.4573
0,47,Lawschool,0.25,0.787789895085588,0.063367133719896,729.8136019999993
0,47,Lawschool,0.35,0.7868235781336278,0.0580062115595241,714.400541
0,47,Lawschool,0.45,0.7858572611816675,0.0553908417265001,198.4662989999997
0,47,Lawschool,0.55,0.7858227498619548,0.0451250490666492,199.39450000000213
0,47,Lawschool,0.65,0.7858917725013804,0.0372321933766404,198.54886700000495
0,47,Lawschool,0.75,0.7860988404196576,0.0297915697380025,199.00195499999973
0,47,Lawschool,0.8500000000000001,0.7854431253451132,0.0213045249031527,198.5402780000004
0,47,Lawschool,0.95,0.7850289895085588,0.0159102160764036,157.58779700000375
0,48,Lawschool,0.05,0.7892048591938156,0.0604563756571271,743.6174930000001
0,48,Lawschool,0.15,0.7882730535615682,0.0539749300064043,720.1090249999997
0,48,Lawschool,0.25,0.787789895085588,0.0421767282661904,728.3915850000003
0,48,Lawschool,0.35,0.7876518498067366,0.0407727931459485,710.6570939999992
0,48,Lawschool,0.45,0.7881004969630039,0.0365299816381693,198.8696459999992
0,48,Lawschool,0.55,0.787548315847598,0.0288049524701402,199.5098770000004
0,48,Lawschool,0.65,0.7860643290999448,0.0203318576793664,199.13207100000363
0,48,Lawschool,0.75,0.786029817780232,0.0113078112272242,198.36411399999636
0,48,Lawschool,0.8500000000000001,0.7856501932633904,0.0026779926978346,199.34039900000064
0,48,Lawschool,0.95,0.7856156819436775,0.004896068942966,159.37959500000215
0,49,Lawschool,0.05,0.789101325234677,0.0768236809447911,739.719345
0,49,Lawschool,0.15,0.7891358365543898,0.0723762010347376,721.682753
0,49,Lawschool,0.25,0.7890323025952513,0.0653496209425561,735.122265
0,49,Lawschool,0.35,0.7889287686361126,0.0542547654196098,711.3688479999992
0,49,Lawschool,0.45,0.7879624516841524,0.0452727606007673,199.37568100000132
0,49,Lawschool,0.55,0.788065985643291,0.0384266420431264,197.83349899999664
0,49,Lawschool,0.65,0.7874102705687466,0.029513792907401,201.2974009999998
0,49,Lawschool,0.75,0.7868926007730536,0.0235784120561244,199.44498499999827
0,49,Lawschool,0.8500000000000001,0.7870996686913307,0.0169596593482211,197.89562999999907
0,49,Lawschool,0.95,0.7856501932633904,0.0068455794275811,141.55800499999896
