seed,dataset,epsilon,acc,disparity,time
0,Lawschool,0.001,0.7912410270568746,0.0002894930812238,143.5231113433838
0,Lawschool,0.005,0.7916551628934291,0.0019853054661813,109.67381882667542
0,Lawschool,0.009,0.7922763666482606,0.0236015923421101,120.66411519050598
0,Lawschool,0.013,0.7922763666482606,0.0236015923421101,120.30072331428528
0,Lawschool,0.017,0.7922763666482606,0.0236015923421101,144.01926064491272
0,Lawschool,0.021,0.7922763666482606,0.0236015923421101,158.10983324050903
0,Lawschool,0.025,0.7918967421314191,0.0315833938573135,140.0436351299286
0,Lawschool,0.029,0.7918967421314191,0.0315833938573135,122.53560853004456
0,Lawschool,0.033,0.7923799006073993,0.0483106222676679,125.6800549030304
0,Lawschool,0.037,0.7924489232468249,0.0485651399566473,128.87129402160645
1,Lawschool,0.001,0.7879624516841524,0.0197972233064446,142.09500980377197
1,Lawschool,0.005,0.7879624516841524,0.0197972233064446,124.27662539482117
1,Lawschool,0.009,0.7879624516841524,0.0197972233064446,121.02446508407591
1,Lawschool,0.013,0.7879624516841524,0.0197972233064446,123.0806918144226
1,Lawschool,0.017,0.7879624516841524,0.0197972233064446,186.53046369552607
1,Lawschool,0.021,0.7879624516841524,0.0197972233064446,160.88521718978882
1,Lawschool,0.025,0.7892048591938156,0.0457416971797826,188.32733130455017
1,Lawschool,0.029,0.7892048591938156,0.0457416971797826,205.12626123428345
1,Lawschool,0.033,0.788859745996687,0.0477919423689329,192.76652908325195
1,Lawschool,0.037,0.7888252346769741,0.0463684164467244,213.26900100708008
2,Lawschool,0.001,0.7866165102153506,0.0093575453346637,110.6102557182312
2,Lawschool,0.005,0.7866165102153506,0.0093575453346637,118.94938921928406
2,Lawschool,0.009,0.7867200441744893,0.0098635215519333,99.17634749412537
2,Lawschool,0.013,0.7867200441744893,0.0098635215519333,97.54917454719543
2,Lawschool,0.017,0.7885491441192711,0.0271228436436655,168.76981616020203
2,Lawschool,0.021,0.7885491441192711,0.0271228436436655,176.73669123649597
2,Lawschool,0.025,0.7885491441192711,0.0271228436436655,163.15830636024475
2,Lawschool,0.029,0.788859745996687,0.0297773963391836,173.47578835487366
2,Lawschool,0.033,0.7887562120375483,0.0457783314186701,146.15928745269775
2,Lawschool,0.037,0.7887562120375483,0.0457783314186701,170.12259531021118
3,Lawschool,0.001,0.7870651573716179,0.0145255279708501,163.06549501419067
3,Lawschool,0.005,0.7875138045278851,0.0116404973093298,141.13367748260498
3,Lawschool,0.009,0.7874792932081722,0.0030336735861134,137.86796617507937
3,Lawschool,0.013,0.7887217007178354,0.0238987773506078,118.50482177734376
3,Lawschool,0.017,0.7873067366096079,0.0013778195848992,161.93672108650208
3,Lawschool,0.021,0.7885491441192711,0.0348183965575085,196.8949851989746
3,Lawschool,0.025,0.7885491441192711,0.0348183965575085,141.74774050712583
3,Lawschool,0.029,0.7885491441192711,0.0348183965575085,141.42720675468445
3,Lawschool,0.033,0.7893083931529542,0.0488521688421352,128.55797505378723
3,Lawschool,0.037,0.7897225289895086,0.0599697316462001,146.5042326450348
4,Lawschool,0.001,0.7877553837658752,0.0092810494274099,115.04195046424866
4,Lawschool,0.005,0.7877553837658752,0.0092810494274099,100.49589943885805
4,Lawschool,0.009,0.7877553837658752,0.0092810494274099,111.21544027328493
4,Lawschool,0.013,0.7877208724461623,0.0092339883892434,145.86973214149475
4,Lawschool,0.017,0.7898950855880729,0.0507682871310205,161.38000345230105
4,Lawschool,0.021,0.7898950855880729,0.0507682871310205,169.97479820251465
4,Lawschool,0.025,0.7898950855880729,0.0507682871310205,173.13256978988647
4,Lawschool,0.029,0.7898950855880729,0.0507682871310205,158.11215710639954
4,Lawschool,0.033,0.7897915516289343,0.0500035498286651,145.17768716812134
4,Lawschool,0.037,0.7897915516289343,0.0500035498286651,124.84403777122498
5,Lawschool,0.001,0.7869271120927664,0.0328172710913827,110.78356647491456
5,Lawschool,0.005,0.7869271120927664,0.0328172710913827,97.22861337661745
5,Lawschool,0.009,0.7864439536167863,0.0187615580508981,110.8216552734375
5,Lawschool,0.013,0.7869271120927664,0.0328172710913827,123.18964791297913
5,Lawschool,0.017,0.7869271120927664,0.0328172710913827,134.53338503837583
5,Lawschool,0.021,0.7869271120927664,0.0328172710913827,173.65729522705078
5,Lawschool,0.025,0.7869271120927664,0.0328172710913827,145.35871410369873
5,Lawschool,0.029,0.7879969630038652,0.0546541313546389,144.40484428405762
5,Lawschool,0.033,0.7879969630038652,0.0546541313546389,148.29713416099548
5,Lawschool,0.037,0.7882040309221424,0.0641940556153754,161.4606294631958
6,Lawschool,0.001,0.7849944781888459,0.0066547407472434,144.8651945590973
6,Lawschool,0.005,0.7849944781888459,0.0066547407472434,125.19778394699097
6,Lawschool,0.009,0.7860988404196576,0.0210598963579077,124.19092154502869
6,Lawschool,0.013,0.7860988404196576,0.0210598963579077,124.02601599693298
6,Lawschool,0.017,0.7853395913859746,0.0176557032473785,166.01549625396729
6,Lawschool,0.021,0.7858227498619548,0.0215258110189812,204.94804906845093
6,Lawschool,0.025,0.7855811706239647,0.020874863690335,114.4339017868042
6,Lawschool,0.029,0.7874102705687466,0.0507695690653646,166.07351756095886
6,Lawschool,0.033,0.7874102705687466,0.0507695690653646,164.2846360206604
6,Lawschool,0.037,0.7874102705687466,0.0507695690653646,145.3465313911438
7,Lawschool,0.001,0.7883765875207068,0.000943588602143,151.16469264030457
7,Lawschool,0.005,0.7898260629486472,0.0237125018094051,132.62486910820007
7,Lawschool,0.009,0.7902747101049145,0.0237749148697207,128.53697514533997
7,Lawschool,0.013,0.7902747101049145,0.0237749148697207,144.04535293579102
7,Lawschool,0.017,0.7904817780231916,0.0300553451438897,192.07470035552976
7,Lawschool,0.021,0.7902747101049145,0.0249703468163812,204.93144297599792
7,Lawschool,0.025,0.7924834345665378,0.0630502647037853,195.63918352127075
7,Lawschool,0.029,0.7924834345665378,0.0630502647037853,173.03230810165405
7,Lawschool,0.033,0.7924834345665378,0.0630502647037853,155.04518175125122
7,Lawschool,0.037,0.7924834345665378,0.0630502647037853,170.99820733070374
8,Lawschool,0.001,0.7893774157923799,0.0078889626252487,154.7594609260559
8,Lawschool,0.005,0.7893774157923799,0.0078889626252487,135.14981698989868
8,Lawschool,0.009,0.7893774157923799,0.0078889626252487,134.29129242897034
8,Lawschool,0.013,0.7899986195472115,0.0275569740592085,147.64473366737366
8,Lawschool,0.017,0.7899986195472115,0.0275569740592085,157.42080998420715
8,Lawschool,0.021,0.7899986195472115,0.0275569740592085,171.1924786567688
8,Lawschool,0.025,0.7902401987852016,0.038226385252274,145.15201902389526
8,Lawschool,0.029,0.7902401987852016,0.038226385252274,175.21827840805054
8,Lawschool,0.033,0.7900331308669244,0.0376998013903866,145.37274551391602
8,Lawschool,0.037,0.7902401987852016,0.038226385252274,114.47555470466614
9,Lawschool,0.001,0.7894464384318056,0.004681417960523,140.45430207252502
9,Lawschool,0.005,0.7894464384318056,0.004681417960523,153.48506903648376
9,Lawschool,0.009,0.7897570403092214,0.0219761217574008,149.37787342071533
9,Lawschool,0.013,0.7895154610712314,0.0229600066688311,166.8376531600952
9,Lawschool,0.017,0.7896535063500828,0.0228874614267147,185.65693497657776
9,Lawschool,0.021,0.7908268912203202,0.0382613547808681,207.20169115066528
9,Lawschool,0.025,0.7908614025400331,0.037452358559475,198.262953042984
9,Lawschool,0.029,0.7908614025400331,0.037452358559475,163.936758518219
9,Lawschool,0.033,0.7912755383765875,0.0493681071588477,128.6558187007904
9,Lawschool,0.037,0.7912755383765875,0.0493681071588477,148.53742003440857
10,Lawschool,0.001,0.7894809497515185,0.001324850530674,150.8945803642273
10,Lawschool,0.005,0.7894809497515185,0.001324850530674,141.16346383094788
10,Lawschool,0.009,0.7889977912755384,0.0025365369463455,114.2723581790924
10,Lawschool,0.013,0.7889977912755384,0.0025365369463455,148.23613286018372
10,Lawschool,0.017,0.7906543346217559,0.0451684136940165,166.5795700550079
10,Lawschool,0.021,0.7906543346217559,0.0451684136940165,208.0954070091248
10,Lawschool,0.025,0.7890668139149641,0.0103500749277758,150.41361165046692
10,Lawschool,0.029,0.7908268912203202,0.0432944468476262,134.933443069458
10,Lawschool,0.033,0.7907578685808946,0.0737290279472879,100.69217538833618
10,Lawschool,0.037,0.7907578685808946,0.0737290279472879,137.64325523376465
11,Lawschool,0.001,0.7873757592490337,0.0032458464810823,141.6071970462799
11,Lawschool,0.005,0.7873757592490337,0.0032458464810823,131.86097025871277
11,Lawschool,0.009,0.7873067366096079,0.0035217849004527,109.9211814403534
11,Lawschool,0.013,0.7873067366096079,0.0035217849004527,109.54384064674376
11,Lawschool,0.017,0.7877208724461623,0.0011726654240896,162.04983472824097
11,Lawschool,0.021,0.7875138045278851,0.0028939897815719,218.43166279792783
11,Lawschool,0.025,0.7889977912755384,0.0578149821605095,181.74894261360168
11,Lawschool,0.029,0.7884456101601325,0.0400829636713968,175.56115174293518
11,Lawschool,0.033,0.788583655438984,0.0569226873650434,184.8784236907959
11,Lawschool,0.037,0.788583655438984,0.0569226873650434,184.6853494644165
12,Lawschool,0.001,0.7858572611816675,0.0121176423591367,142.00546789169312
12,Lawschool,0.005,0.7858572611816675,0.0121176423591367,132.84034299850464
12,Lawschool,0.009,0.7854086140254003,0.0072589897597611,113.1553475856781
12,Lawschool,0.013,0.7851325234676974,0.0078754658144891,142.60054564476013
12,Lawschool,0.017,0.7855466593042518,0.0061781532260874,157.04783535003662
12,Lawschool,0.021,0.7866165102153506,0.0530097526142739,169.1835970878601
12,Lawschool,0.025,0.7866165102153506,0.0530097526142739,166.6127412319183
12,Lawschool,0.029,0.7866165102153506,0.0530097526142739,169.23439121246338
12,Lawschool,0.033,0.7862368856985091,0.0527050722069374,120.4137008190155
12,Lawschool,0.037,0.7862368856985091,0.0527050722069374,134.82108998298645
13,Lawschool,0.001,0.7874792932081722,0.0069776677735181,147.0161099433899
13,Lawschool,0.005,0.7886526780784097,0.0030920027104746,141.9496443271637
13,Lawschool,0.009,0.788859745996687,0.0223128868854361,143.41292142868042
13,Lawschool,0.013,0.7879279403644396,0.0006656619480677,154.16029334068298
13,Lawschool,0.017,0.7881350082827168,0.007457615857663,172.7085781097412
13,Lawschool,0.021,0.7881350082827168,0.007457615857663,186.8028745651245
13,Lawschool,0.025,0.7886871893981225,0.0108804984840522,161.95452976226807
13,Lawschool,0.029,0.788859745996687,0.0223128868854361,133.81404304504397
13,Lawschool,0.033,0.788859745996687,0.0223128868854361,137.19361639022827
13,Lawschool,0.037,0.79010215350635,0.0688156335264331,139.38758254051208
14,Lawschool,0.001,0.7890323025952513,0.0031289066588632,110.21262097358704
14,Lawschool,0.005,0.7890323025952513,0.0031289066588632,132.4402096271515
14,Lawschool,0.009,0.788859745996687,0.0031632098432447,128.4392330646515
14,Lawschool,0.013,0.788859745996687,0.0031632098432447,144.24045395851135
14,Lawschool,0.017,0.7895154610712314,0.015091847959259,171.80663871765137
14,Lawschool,0.021,0.7895154610712314,0.015091847959259,185.436119556427
14,Lawschool,0.025,0.7896880176697957,0.0476876025622136,188.91435742378235
14,Lawschool,0.029,0.7896880176697957,0.0476876025622136,190.0128288269043
14,Lawschool,0.033,0.7896880176697957,0.0476876025622136,170.64022731781006
14,Lawschool,0.037,0.7896880176697957,0.0476876025622136,133.26440238952637
15,Lawschool,0.001,0.7874102705687466,0.0223382384597933,114.48690605163574
15,Lawschool,0.005,0.7888252346769741,0.0148227224997748,109.46835494041444
15,Lawschool,0.009,0.7888252346769741,0.0148227224997748,127.43524742126463
15,Lawschool,0.013,0.7888252346769741,0.0148227224997748,142.5228385925293
15,Lawschool,0.017,0.789101325234677,0.0101600117797238,188.6777226924896
15,Lawschool,0.021,0.7893083931529542,0.0306696973948182,200.5472309589386
15,Lawschool,0.025,0.7893083931529542,0.0306696973948182,171.17568397521973
15,Lawschool,0.029,0.7893083931529542,0.0306696973948182,170.2735619544983
15,Lawschool,0.033,0.7893083931529542,0.0306696973948182,156.94779801368713
15,Lawschool,0.037,0.7893083931529542,0.0306696973948182,173.64386653900146
16,Lawschool,0.001,0.7865129762562121,0.0129066541097793,116.80695176124571
16,Lawschool,0.005,0.7865474875759249,0.0127649642217144,109.82082891464232
16,Lawschool,0.009,0.7871686913307565,0.0223917295474938,110.39673399925232
16,Lawschool,0.013,0.7871686913307565,0.0223917295474938,177.1550488471985
16,Lawschool,0.017,0.7877208724461623,0.0233357719440814,203.51993942260745
16,Lawschool,0.021,0.7877208724461623,0.0233357719440814,164.0020387172699
16,Lawschool,0.025,0.7869616234124793,0.0003399189381794,169.18660831451416
16,Lawschool,0.029,0.7885146327995582,0.0634124017868118,150.41851377487183
16,Lawschool,0.033,0.7885146327995582,0.0634124017868118,151.74738478660583
16,Lawschool,0.037,0.7878244064053009,0.0348377719783523,155.65171480178833
17,Lawschool,0.001,0.7901366648260629,0.0052229197693333,96.1867024898529
17,Lawschool,0.005,0.7903437327443401,0.0188084042848802,138.51822113990784
17,Lawschool,0.009,0.7897915516289343,0.0014524968075706,122.8210904598236
17,Lawschool,0.013,0.7904127553837659,0.0182842682702184,123.75010395050047
17,Lawschool,0.017,0.7904127553837659,0.0182842682702184,160.72070622444153
17,Lawschool,0.021,0.7904127553837659,0.0185436043698035,201.25766324996948
17,Lawschool,0.025,0.7912410270568746,0.0235650459428828,170.97321319580078
17,Lawschool,0.029,0.7914480949751519,0.0394306977448491,155.5113480091095
17,Lawschool,0.033,0.7914480949751519,0.0394306977448491,132.91617012023926
17,Lawschool,0.037,0.7912065157371618,0.047388842576548,141.4407982826233
18,Lawschool,0.001,0.7876518498067366,0.0052372834171851,81.34826827049255
18,Lawschool,0.005,0.7868926007730536,0.0080611766968367,119.66674780845642
18,Lawschool,0.009,0.7878589177250138,0.0188366176169531,120.4670476913452
18,Lawschool,0.013,0.787548315847598,0.0017784915352022,83.05166673660278
18,Lawschool,0.017,0.7879969630038652,0.0361237918509649,142.87241005897522
18,Lawschool,0.021,0.7879624516841524,0.0362521286066117,166.69891667366028
18,Lawschool,0.025,0.7887217007178354,0.0372271583838409,157.36406421661377
18,Lawschool,0.029,0.7888252346769741,0.0408605231486938,125.27382850646973
18,Lawschool,0.033,0.7888252346769741,0.0370973676619292,106.83480858802795
18,Lawschool,0.037,0.7888252346769741,0.0370973676619292,113.15203094482422
19,Lawschool,0.001,0.7893083931529542,0.0023525004330174,118.98030614852904
19,Lawschool,0.005,0.7890668139149641,0.0139701111263491,116.46531558036804
19,Lawschool,0.009,0.7890668139149641,0.0139701111263491,116.5843222141266
19,Lawschool,0.013,0.7890668139149641,0.0139701111263491,131.2357621192932
19,Lawschool,0.017,0.7904472667034788,0.0325994602220031,131.21743774414062
19,Lawschool,0.021,0.7900331308669244,0.0298102141031013,172.5552761554718
19,Lawschool,0.025,0.7921383213694092,0.0555102231582091,174.82430815696716
19,Lawschool,0.029,0.7916206515737162,0.0541328769325076,130.2343487739563
19,Lawschool,0.033,0.7916206515737162,0.0541328769325076,117.9447135925293
19,Lawschool,0.037,0.7916206515737162,0.0541328769325076,116.80770897865295
20,Lawschool,0.001,0.78444229707344,0.0267837991601094,134.9475383758545
20,Lawschool,0.005,0.7864784649364992,0.0249365639112,130.8848376274109
20,Lawschool,0.009,0.7851325234676974,0.0050715361075951,132.21713495254517
20,Lawschool,0.013,0.7851325234676974,0.0050715361075951,167.461279630661
20,Lawschool,0.017,0.7851325234676974,0.0050715361075951,180.5373034477234
20,Lawschool,0.021,0.787789895085588,0.0438562532104499,173.53766918182373
20,Lawschool,0.025,0.787789895085588,0.0438562532104499,177.9106407165527
20,Lawschool,0.029,0.787789895085588,0.0438562532104499,157.01334190368652
20,Lawschool,0.033,0.787789895085588,0.0438562532104499,139.61527180671692
20,Lawschool,0.037,0.787789895085588,0.0438562532104499,140.0240683555603
21,Lawschool,0.001,0.7887217007178354,0.0045545151034495,166.43236374855042
21,Lawschool,0.005,0.7890323025952513,0.0005892484055277,164.64411163330078
21,Lawschool,0.009,0.7890323025952513,0.0005892484055277,165.29612755775452
21,Lawschool,0.013,0.7890323025952513,0.0005892484055277,180.48717999458316
21,Lawschool,0.017,0.7914480949751519,0.047187686130338,190.4935042858124
21,Lawschool,0.021,0.7914480949751519,0.047187686130338,211.942405462265
21,Lawschool,0.025,0.7914480949751519,0.047187686130338,168.82530045509338
21,Lawschool,0.029,0.7914480949751519,0.047187686130338,167.17656779289246
21,Lawschool,0.033,0.7914480949751519,0.047187686130338,153.10148692131042
21,Lawschool,0.037,0.7914480949751519,0.047187686130338,183.7973840236664
22,Lawschool,0.001,0.7881350082827168,0.0111996598535929,123.72847437858582
22,Lawschool,0.005,0.79010215350635,0.0120385959566459,155.42643451690674
22,Lawschool,0.009,0.7896189950303699,0.0095788390572491,155.99294209480286
22,Lawschool,0.013,0.791413583655439,0.045938495782616,134.79169964790344
22,Lawschool,0.017,0.7893083931529542,0.0086302052225531,209.5859866142273
22,Lawschool,0.021,0.7895499723909443,0.0166930927970475,169.23754715919495
22,Lawschool,0.025,0.7895499723909443,0.0166930927970475,207.0941207408905
22,Lawschool,0.029,0.78986057426836,0.0291420858826117,150.03952741622925
22,Lawschool,0.033,0.7906198233020431,0.0439813790431919,180.5066773891449
22,Lawschool,0.037,0.7909304251794589,0.0522317343966618,178.7347457408905
23,Lawschool,0.001,0.7890668139149641,0.0019919915190453,108.44652104377748
23,Lawschool,0.005,0.7887562120375483,0.0039265200149165,122.8421277999878
23,Lawschool,0.009,0.7887562120375483,0.0039265200149165,123.78080654144289
23,Lawschool,0.013,0.7902747101049145,0.0328004511719606,124.62483644485474
23,Lawschool,0.017,0.7902747101049145,0.0328004511719606,135.62130331993103
23,Lawschool,0.021,0.7909994478188846,0.0396689460812133,151.80808639526367
23,Lawschool,0.025,0.7909304251794589,0.0389252420696546,158.31324005126953
23,Lawschool,0.029,0.7909304251794589,0.0389252420696546,113.51669836044312
23,Lawschool,0.033,0.7912065157371618,0.0536365913356708,133.2939920425415
23,Lawschool,0.037,0.7912065157371618,0.0536365913356708,136.5558362007141
24,Lawschool,0.001,0.785236057426836,0.0057961400097685,106.04226970672607
24,Lawschool,0.005,0.7850289895085588,0.008343417946888,101.6784212589264
24,Lawschool,0.009,0.7850289895085588,0.008343417946888,101.3352460861206
24,Lawschool,0.013,0.7850289895085588,0.008343417946888,115.953754901886
24,Lawschool,0.017,0.7859607951408062,0.0232106384999679,150.15176725387573
24,Lawschool,0.021,0.7858917725013804,0.0281738357506332,178.15634942054749
24,Lawschool,0.025,0.7856156819436775,0.021977931350126,181.95236110687256
24,Lawschool,0.029,0.7856501932633904,0.0223896258314575,145.8340129852295
24,Lawschool,0.033,0.7863059083379348,0.0304955176802088,165.05405282974243
24,Lawschool,0.037,0.7873757592490337,0.0521630721956026,172.62887024879456
25,Lawschool,0.001,0.7837175593594699,0.0056278052034466,123.93075847625732
25,Lawschool,0.005,0.7842697404748757,0.0084399236732646,102.42497324943542
25,Lawschool,0.009,0.7842697404748757,0.0084399236732646,104.032550573349
25,Lawschool,0.013,0.7854431253451132,0.038536910474662,103.84534978866576
25,Lawschool,0.017,0.7848219215902816,0.0269901176449925,146.2300055027008
25,Lawschool,0.021,0.7854776366648261,0.0350811316445071,170.3062891960144
25,Lawschool,0.025,0.7854776366648261,0.0350811316445071,140.8225622177124
25,Lawschool,0.029,0.7854776366648261,0.0350811316445071,122.77151489257812
25,Lawschool,0.033,0.7856847045831032,0.047090383559874,138.89869117736816
25,Lawschool,0.037,0.7863404196576477,0.0588652247344862,137.23287916183472
26,Lawschool,0.001,0.7844768083931529,0.0058156589069461,105.14593172073364
26,Lawschool,0.005,0.7844768083931529,0.0058156589069461,117.7177803516388
26,Lawschool,0.009,0.7844768083931529,0.0058156589069461,118.7569375038147
26,Lawschool,0.013,0.785236057426836,0.032760404571854,153.6977813243866
26,Lawschool,0.017,0.785236057426836,0.032760404571854,169.50118136405945
26,Lawschool,0.021,0.785236057426836,0.032760404571854,181.95892977714536
26,Lawschool,0.025,0.7855466593042518,0.0343222606381436,182.3015048503876
26,Lawschool,0.029,0.7853050800662618,0.0322512141920283,151.26656317710876
26,Lawschool,0.033,0.7850980121479846,0.0240679457404136,150.98333883285522
26,Lawschool,0.037,0.7865129762562121,0.082630153735859,153.82932925224304
27,Lawschool,0.001,0.7858572611816675,0.002034812843157,96.50890469551086
27,Lawschool,0.005,0.7858572611816675,0.002034812843157,111.02697849273682
27,Lawschool,0.009,0.7866510215350635,0.0244659470858854,141.61108875274658
27,Lawschool,0.013,0.7866510215350635,0.0244659470858854,152.7468934059143
27,Lawschool,0.017,0.7866510215350635,0.0244659470858854,168.64709758758545
27,Lawschool,0.021,0.7866510215350635,0.0244659470858854,183.9865550994873
27,Lawschool,0.025,0.7883765875207068,0.0464381301439614,149.40560388565063
27,Lawschool,0.029,0.7883765875207068,0.0464381301439614,138.76335787773132
27,Lawschool,0.033,0.7887217007178354,0.059629636520206,151.698796749115
27,Lawschool,0.037,0.7892738818332413,0.0553870013255302,163.9052231311798
28,Lawschool,0.001,0.787548315847598,0.0157353437868006,108.0564374923706
28,Lawschool,0.005,0.7896189950303699,0.0215664857415296,106.08490014076231
28,Lawschool,0.009,0.7896189950303699,0.0215664857415296,106.06257033348083
28,Lawschool,0.013,0.7896189950303699,0.0215664857415296,104.67564821243286
28,Lawschool,0.017,0.7899641082274986,0.0307609421763647,158.04014611244202
28,Lawschool,0.021,0.7899641082274986,0.0307609421763647,136.74294924736023
28,Lawschool,0.025,0.7906543346217559,0.0363164062130759,147.96322321891785
28,Lawschool,0.029,0.7906543346217559,0.0363164062130759,113.936514377594
28,Lawschool,0.033,0.7901711761457758,0.0416257993381304,129.53439259529114
28,Lawschool,0.037,0.7906198233020431,0.0505242405597179,161.4195098876953
29,Lawschool,0.001,0.7876518498067366,0.0120874275503697,100.93285775184631
29,Lawschool,0.005,0.7876518498067366,0.0120874275503697,101.10965371131896
29,Lawschool,0.009,0.7876518498067366,0.0120874275503697,100.62108850479126
29,Lawschool,0.013,0.7881350082827168,0.0251503800114388,101.7011125087738
29,Lawschool,0.017,0.7881350082827168,0.0251503800114388,119.30479550361632
29,Lawschool,0.021,0.7885491441192711,0.0285341066862022,135.97331047058103
29,Lawschool,0.025,0.7885146327995582,0.0354525397900847,176.89558386802673
29,Lawschool,0.029,0.7895844837106571,0.0467867024299388,170.65152025222778
29,Lawschool,0.033,0.7889287686361126,0.0405568443042697,163.61407446861267
29,Lawschool,0.037,0.790378244064053,0.0645607414291707,166.7748477458954
30,Lawschool,0.001,0.7868926007730536,0.0091765865030317,147.7509958744049
30,Lawschool,0.005,0.7868926007730536,0.0091765865030317,138.11850666999817
30,Lawschool,0.009,0.7886526780784097,0.0318765361963025,137.23181056976318
30,Lawschool,0.013,0.7882385422418553,0.0076757766626195,134.11641192436218
30,Lawschool,0.017,0.7884801214798454,0.0407411015254553,145.92350912094116
30,Lawschool,0.021,0.7887562120375483,0.0414308733909721,171.2642378807068
30,Lawschool,0.025,0.7887562120375483,0.0414308733909721,149.1808362007141
30,Lawschool,0.029,0.789101325234677,0.0379006768169656,156.33749556541443
30,Lawschool,0.033,0.7885146327995582,0.0433033581871556,161.83818244934082
30,Lawschool,0.037,0.7884801214798454,0.0408647021241639,144.65822219848633
31,Lawschool,0.001,0.7886526780784097,0.0117511258858499,97.9481008052826
31,Lawschool,0.005,0.7886526780784097,0.0117511258858499,95.28349566459656
31,Lawschool,0.009,0.7886526780784097,0.0117511258858499,95.00474238395692
31,Lawschool,0.013,0.7886526780784097,0.0117511258858499,138.0483419895172
31,Lawschool,0.017,0.7886526780784097,0.0117511258858499,123.9745547771454
31,Lawschool,0.021,0.7886526780784097,0.0117511258858499,175.3882908821106
31,Lawschool,0.025,0.7892738818332413,0.0382995705609708,163.93986773490906
31,Lawschool,0.029,0.7892738818332413,0.0382995705609708,132.68678903579712
31,Lawschool,0.033,0.7892738818332413,0.0382995705609708,133.7823143005371
31,Lawschool,0.037,0.7892738818332413,0.0382995705609708,122.15211939811708
32,Lawschool,0.001,0.786029817780232,0.0022473535951954,108.81488227844238
32,Lawschool,0.005,0.786029817780232,0.0022473535951954,128.5791597366333
32,Lawschool,0.009,0.7870651573716179,0.0165153248377197,127.50507020950316
32,Lawschool,0.013,0.7870651573716179,0.019198859092838,136.38841676712036
32,Lawschool,0.017,0.7870651573716179,0.0179588367950183,139.05536079406738
32,Lawschool,0.021,0.7870651573716179,0.0179588367950183,171.48702955245972
32,Lawschool,0.025,0.7871686913307565,0.0229943254702924,181.67750906944275
32,Lawschool,0.029,0.788583655438984,0.0527412159797797,158.69914150238037
32,Lawschool,0.033,0.788583655438984,0.0527412159797797,147.4200427532196
32,Lawschool,0.037,0.788583655438984,0.0527412159797797,179.73952317237854
33,Lawschool,0.001,0.7923108779679735,0.0007326118399396,158.31416416168213
33,Lawschool,0.005,0.7923108779679735,0.0007326118399396,152.35565996170044
33,Lawschool,0.009,0.7934842628382109,0.0197062830425183,153.5328369140625
33,Lawschool,0.013,0.794001932633904,0.0230351312457689,166.19197583198547
33,Lawschool,0.017,0.7936913307564881,0.0235410388184781,218.51858830451965
33,Lawschool,0.021,0.7936913307564881,0.0235410388184781,196.39041900634768
33,Lawschool,0.025,0.7936913307564881,0.0235410388184781,164.01394176483154
33,Lawschool,0.029,0.7951408061844285,0.048348862015454,141.50995230674744
33,Lawschool,0.033,0.7951408061844285,0.048348862015454,142.32211661338806
33,Lawschool,0.037,0.7951408061844285,0.048348862015454,146.71919918060303
34,Lawschool,0.001,0.7868926007730536,0.0089252301031585,141.5042016506195
34,Lawschool,0.005,0.7886871893981225,0.0254915432327732,137.27661752700806
34,Lawschool,0.009,0.7886871893981225,0.0254915432327732,137.05316257476807
34,Lawschool,0.013,0.7886871893981225,0.0254915432327732,134.38798904418945
34,Lawschool,0.017,0.7884456101601325,0.0108922060313423,170.20743989944458
34,Lawschool,0.021,0.7884456101601325,0.0108922060313423,169.84086155891418
34,Lawschool,0.025,0.7882730535615682,0.031027416185986,173.08959245681763
34,Lawschool,0.029,0.7885146327995582,0.0328146871140182,159.5752716064453
34,Lawschool,0.033,0.7894464384318056,0.0776046722761854,133.89605140686035
34,Lawschool,0.037,0.7894464384318056,0.0776046722761854,139.68349480628967
35,Lawschool,0.001,0.7937603533959139,0.0266093198249806,101.61456608772278
35,Lawschool,0.005,0.7937603533959139,0.0266093198249806,99.29770159721376
35,Lawschool,0.009,0.7934497515184981,0.0227769260967146,133.8496391773224
35,Lawschool,0.013,0.7934497515184981,0.0227769260967146,153.8789029121399
35,Lawschool,0.017,0.7934497515184981,0.0227769260967146,216.07448768615723
35,Lawschool,0.021,0.7940364439536168,0.0370684248589431,219.52626752853396
35,Lawschool,0.025,0.7940364439536168,0.0370684248589431,206.51626443862915
35,Lawschool,0.029,0.7950372722252899,0.0506108950039141,155.86657238006592
35,Lawschool,0.033,0.7950372722252899,0.0506108950039141,136.19039487838745
35,Lawschool,0.037,0.7947956929872998,0.0522837345425181,129.11165809631348
36,Lawschool,0.001,0.7855811706239647,0.0099165990216494,140.32443141937256
36,Lawschool,0.005,0.7855811706239647,0.0099165990216494,136.08475470542908
36,Lawschool,0.009,0.7855811706239647,0.0099165990216494,134.50106239318848
36,Lawschool,0.013,0.7869271120927664,0.0222219100732414,119.71676349639893
36,Lawschool,0.017,0.7855466593042518,0.0063004053729174,164.5408275127411
36,Lawschool,0.021,0.7877208724461623,0.0375520895594685,164.76250004768372
36,Lawschool,0.025,0.7868926007730536,0.0219580999366039,182.65731644630432
36,Lawschool,0.029,0.7868926007730536,0.0219580999366039,180.6839256286621
36,Lawschool,0.033,0.787789895085588,0.0376081798350776,110.99650025367735
36,Lawschool,0.037,0.787789895085588,0.0376081798350776,124.01101756095886
37,Lawschool,0.001,0.7887907233572612,0.0023879531425339,103.98926496505736
37,Lawschool,0.005,0.7887907233572612,0.0023879531425339,108.67922258377077
37,Lawschool,0.009,0.7887907233572612,0.0023879531425339,107.72320413589478
37,Lawschool,0.013,0.7902401987852016,0.0390569654562766,121.27570867538452
37,Lawschool,0.017,0.7902401987852016,0.0390569654562766,120.04148888587952
37,Lawschool,0.021,0.7902401987852016,0.0390569654562766,119.51861333847046
37,Lawschool,0.025,0.7902401987852016,0.0390569654562766,191.19361209869385
37,Lawschool,0.029,0.7902401987852016,0.0390569654562766,180.8172764778137
37,Lawschool,0.033,0.7901366648260629,0.0523178550776023,159.5976984500885
37,Lawschool,0.037,0.7901366648260629,0.0523178550776023,174.56525015830994
38,Lawschool,0.001,0.7878934290447267,0.0126901315843331,103.5409574508667
38,Lawschool,0.005,0.7880314743235781,0.0155244526356086,97.76593112945557
38,Lawschool,0.009,0.7880314743235781,0.0155244526356086,110.35260462760924
38,Lawschool,0.013,0.7878244064053009,0.0118228575699804,107.77645874023438
38,Lawschool,0.017,0.787548315847598,0.0131425463298181,118.08505344390868
38,Lawschool,0.021,0.787789895085588,0.0117819133553372,129.50627851486206
38,Lawschool,0.025,0.7894119271120927,0.0409398420780062,131.72268748283386
38,Lawschool,0.029,0.787789895085588,0.0117819133553372,102.96449542045592
38,Lawschool,0.033,0.7901366648260629,0.0688661649374831,92.433260679245
38,Lawschool,0.037,0.7893774157923799,0.0404842329307261,103.06730127334596
39,Lawschool,0.001,0.7886526780784097,0.0020776764341774,125.20368456840517
39,Lawschool,0.005,0.7882385422418553,0.0006114228397485,119.68033146858215
39,Lawschool,0.009,0.7884456101601325,0.0017858196653049,119.75548267364502
39,Lawschool,0.013,0.788342076200994,0.0234883668174369,120.24311065673828
39,Lawschool,0.017,0.7878244064053009,0.0228177011021229,147.42405200004578
39,Lawschool,0.021,0.7882730535615682,0.0345256872653872,158.8508961200714
39,Lawschool,0.025,0.7883075648812811,0.0329968453153609,156.8581304550171
39,Lawschool,0.029,0.7884801214798454,0.034137211578636,143.6720993518829
39,Lawschool,0.033,0.7882040309221424,0.0282167664756088,122.00769543647766
39,Lawschool,0.037,0.7882040309221424,0.0282167664756088,118.10946655273438
40,Lawschool,0.001,0.7883765875207068,0.0163968817389173,133.96976947784424
40,Lawschool,0.005,0.7883765875207068,0.0163968817389173,127.81886458396912
40,Lawschool,0.009,0.7888942573163997,0.0003360460979768,175.7215292453766
40,Lawschool,0.013,0.7898260629486472,0.0185552222268937,210.4101951122284
40,Lawschool,0.017,0.7898260629486472,0.0185552222268937,230.5168130397797
40,Lawschool,0.021,0.789101325234677,0.0021132982197831,172.4500904083252
40,Lawschool,0.025,0.7908268912203202,0.0275324161894589,263.4464285373688
40,Lawschool,0.029,0.7906888459414688,0.0270236144289022,215.559344291687
40,Lawschool,0.033,0.790378244064053,0.0241682240782006,211.39436650276184
40,Lawschool,0.037,0.7915516289342904,0.0551277120204019,151.57673859596252
41,Lawschool,0.001,0.786271397018222,0.0089867003940642,128.7213487625122
41,Lawschool,0.005,0.7872377139701823,0.0010693979766478,124.02300643920898
41,Lawschool,0.009,0.7867200441744893,0.00606043225056,121.80133152008057
41,Lawschool,0.013,0.7867200441744893,0.00606043225056,169.44249534606934
41,Lawschool,0.017,0.7867200441744893,0.0042606763594048,186.80491256713867
41,Lawschool,0.021,0.7888252346769741,0.0480189366634277,187.2062909603119
41,Lawschool,0.025,0.7888252346769741,0.0480189366634277,181.98405241966248
41,Lawschool,0.029,0.7888252346769741,0.0480189366634277,132.99186444282532
41,Lawschool,0.033,0.7883075648812811,0.0455941075566318,140.30616235733032
41,Lawschool,0.037,0.7883075648812811,0.0455941075566318,142.0040740966797
42,Lawschool,0.001,0.7894464384318056,0.0065332459803767,96.81143617630003
42,Lawschool,0.005,0.7892048591938156,0.0040159041456968,99.63320899009705
42,Lawschool,0.009,0.7886871893981225,0.0052644087027137,99.37872672080994
42,Lawschool,0.013,0.789101325234677,0.0030296484498175,114.73469853401184
42,Lawschool,0.017,0.7908614025400331,0.0337297243604681,140.37333512306213
42,Lawschool,0.021,0.7904127553837659,0.0379410454987524,145.82305908203125
42,Lawschool,0.025,0.7899295969077857,0.0287657332799011,153.3292396068573
42,Lawschool,0.029,0.7906888459414688,0.0399524807450688,126.24080228805542
42,Lawschool,0.033,0.7902747101049145,0.0357413483801717,140.97209858894348
42,Lawschool,0.037,0.7908268912203202,0.0386822794274464,120.90894985198976
43,Lawschool,0.001,0.7906543346217559,0.0057321359524691,91.02331852912904
43,Lawschool,0.005,0.7906543346217559,0.0057321359524691,112.15196061134338
43,Lawschool,0.009,0.7906543346217559,0.0057321359524691,112.52956318855286
43,Lawschool,0.013,0.7906543346217559,0.0057321359524691,148.4552674293518
43,Lawschool,0.017,0.7906543346217559,0.0057321359524691,161.86546778678894
43,Lawschool,0.021,0.7930356156819437,0.0488228266364625,163.67175889015198
43,Lawschool,0.025,0.7912065157371618,0.0180894925536312,160.92416834831238
43,Lawschool,0.029,0.7930356156819437,0.0488228266364625,149.2164876461029
43,Lawschool,0.033,0.793208172280508,0.0558383651000118,135.99071264266968
43,Lawschool,0.037,0.7930356156819437,0.0519174366463245,127.61242866516112
44,Lawschool,0.001,0.787548315847598,0.0136655652148564,124.9860773086548
44,Lawschool,0.005,0.7905508006626173,0.0283009698007608,120.72194957733154
44,Lawschool,0.009,0.7905508006626173,0.0283009698007608,120.37454891204834
44,Lawschool,0.013,0.7905508006626173,0.0283009698007608,122.37494730949402
44,Lawschool,0.017,0.7905508006626173,0.0283009698007608,136.6398000717163
44,Lawschool,0.021,0.7905508006626173,0.0283009698007608,184.23395824432373
44,Lawschool,0.025,0.7905508006626173,0.0283009698007608,150.84451174736023
44,Lawschool,0.029,0.7905508006626173,0.0283009698007608,106.73908519744872
44,Lawschool,0.033,0.7908614025400331,0.0459025046711074,140.1119601726532
44,Lawschool,0.037,0.7909649364991718,0.0534375943234546,126.46939945220949
45,Lawschool,0.001,0.7860988404196576,0.0139398664047551,142.47758388519287
45,Lawschool,0.005,0.7860988404196576,0.0139398664047551,137.0786635875702
45,Lawschool,0.009,0.7869271120927664,0.0042709088157866,110.1081075668335
45,Lawschool,0.013,0.7883075648812811,0.0490739186941024,144.835679769516
45,Lawschool,0.017,0.7884110988404197,0.049459473250072,202.0252792835236
45,Lawschool,0.021,0.7884110988404197,0.049459473250072,176.18692421913147
45,Lawschool,0.025,0.7884110988404197,0.049459473250072,195.3021342754364
45,Lawschool,0.029,0.7884110988404197,0.049459473250072,144.73590469360352
45,Lawschool,0.033,0.7884110988404197,0.049459473250072,149.343092918396
45,Lawschool,0.037,0.7883075648812811,0.0490739186941024,148.11952710151672
46,Lawschool,0.001,0.7863404196576477,0.0003537709482171,140.8279573917389
46,Lawschool,0.005,0.7863404196576477,0.0003537709482171,137.288232088089
46,Lawschool,0.009,0.787272225289895,0.0222398028079066,137.17636442184448
46,Lawschool,0.013,0.7874102705687466,0.0297379532732446,137.1595208644867
46,Lawschool,0.017,0.7874102705687466,0.0297379532732446,169.95093202590942
46,Lawschool,0.021,0.7866510215350635,0.0200265383418863,207.2327163219452
46,Lawschool,0.025,0.7886871893981225,0.0520333441019021,205.6949758529663
46,Lawschool,0.029,0.7886871893981225,0.0520333441019021,159.8602590560913
46,Lawschool,0.033,0.7886871893981225,0.0520333441019021,174.87718272209167
46,Lawschool,0.037,0.7886871893981225,0.0520333441019021,127.60747122764587
47,Lawschool,0.001,0.7843732744340144,0.0116642494732354,121.01538419723512
47,Lawschool,0.005,0.7843732744340144,0.0116642494732354,116.55654001235962
47,Lawschool,0.009,0.7843732744340144,0.0116642494732354,122.06450915336607
47,Lawschool,0.013,0.7843732744340144,0.0116642494732354,120.73153495788574
47,Lawschool,0.017,0.78444229707344,0.0145425954747075,166.55785822868347
47,Lawschool,0.021,0.7848909442297074,0.0292572069731447,117.65705513954164
47,Lawschool,0.025,0.7851325234676974,0.0294485214373519,143.0636510848999
47,Lawschool,0.029,0.7851670347874102,0.0295899441498396,136.27652621269226
47,Lawschool,0.033,0.7848909442297074,0.0292572069731447,103.20017075538637
47,Lawschool,0.037,0.7848909442297074,0.0292572069731447,107.65423345565796
48,Lawschool,0.001,0.7872032026504694,0.0173936261809907,115.27490282058716
48,Lawschool,0.005,0.7872032026504694,0.0173936261809907,111.2061026096344
48,Lawschool,0.009,0.7855811706239647,0.0011632867870279,121.06239461898804
48,Lawschool,0.013,0.7855811706239647,0.0011632867870279,135.83219480514526
48,Lawschool,0.017,0.7855811706239647,0.0019147867879953,165.72000527381897
48,Lawschool,0.021,0.787272225289895,0.0230854066981017,178.06201457977295
48,Lawschool,0.025,0.787272225289895,0.0230854066981017,161.80157470703125
48,Lawschool,0.029,0.7876173384870238,0.0259163017841353,154.00470328330994
48,Lawschool,0.033,0.7889287686361126,0.0664247445499803,130.54840779304504
48,Lawschool,0.037,0.7889287686361126,0.0664247445499803,106.10875272750854
49,Lawschool,0.001,0.7873412479293208,0.0022975272554751,139.96764874458313
49,Lawschool,0.005,0.7865819988956377,0.0018688698461616,181.88596367836
49,Lawschool,0.009,0.7880314743235781,0.0160764172749033,179.14868593215942
49,Lawschool,0.013,0.7882040309221424,0.0261582964274301,200.95810532569885
49,Lawschool,0.017,0.788583655438984,0.0374958585009047,200.6679425239563
49,Lawschool,0.021,0.788583655438984,0.0374958585009047,255.04877305030823
49,Lawschool,0.025,0.7868926007730536,0.0028799347554603,236.3980009555817
49,Lawschool,0.029,0.7883765875207068,0.0268446089934735,176.2264223098755
49,Lawschool,0.033,0.7886526780784097,0.0394687804485954,166.51951694488525
49,Lawschool,0.037,0.7886526780784097,0.0394687804485954,104.7841658592224
