seed,dataset,lambda_mmd,in_processing,acc,disparity,time
0,AdultCensus,0.0,True,0.7643485975568143,0.0,398.274806
0,AdultCensus,0.1,True,0.7643485975568143,0.0,398.401288
0,AdultCensus,0.25,True,0.8510885142974135,0.1346273674439138,384.2023690000005
0,AdultCensus,0.5,True,0.7643485975568143,0.0,424.9112209999994
0,AdultCensus,1.0,True,0.7643485975568143,0.0,423.0531699999992
0,AdultCensus,2.0,True,0.8443322186582952,0.0424166256451705,425.87545299999874
0,AdultCensus,3.0,True,0.826247184876817,0.013033463049389,429.9919830000017
0,AdultCensus,4.0,True,0.7643485975568143,0.0,423.6924650000001
0,AdultCensus,5.0,True,0.8220842148365523,0.0404536578794635,424.3757990000013
0,AdultCensus,10.0,True,0.833822425441889,0.0144406787200621,425.6779029999998
1,AdultCensus,0.0,True,0.7878250187674879,0.399822263356801,402.111726
1,AdultCensus,0.1,True,0.8065242612434314,0.2194776743676739,401.905444
1,AdultCensus,0.25,True,0.8462430901521872,0.1503909219122956,384.337912
1,AdultCensus,0.5,True,0.7610728178529994,0.0,422.1796109999996
1,AdultCensus,1.0,True,0.8039991810550741,0.0456692315881844,424.62835200000063
1,AdultCensus,2.0,True,0.8400327577970381,0.0421751756023018,421.4915839999994
1,AdultCensus,3.0,True,0.8273391114447554,0.0445860533531346,429.7363949999999
1,AdultCensus,4.0,True,0.7610728178529994,0.0,423.4874729999992
1,AdultCensus,5.0,True,0.7610728178529994,0.0,422.91278299999976
1,AdultCensus,10.0,True,0.8107554766941923,0.0479514372384693,420.9672800000008
2,AdultCensus,0.0,True,0.8432402920903569,0.1597573507826646,401.833722
2,AdultCensus,0.1,True,0.8510202688869174,0.1634781628339165,402.8258229999999
2,AdultCensus,0.25,True,0.8410564389544803,0.1305615951008543,383.9828809999999
2,AdultCensus,0.5,True,0.8086398689688118,0.0625746333350531,422.093312
2,AdultCensus,1.0,True,0.8293182283491435,0.0599127753169562,423.8806259999992
2,AdultCensus,2.0,True,0.7572510748652154,0.0,428.2824209999999
2,AdultCensus,3.0,True,0.8325940080529585,0.0194198901062634,429.9618679999985
2,AdultCensus,4.0,True,0.7572510748652154,0.0,421.3900080000003
2,AdultCensus,5.0,True,0.7572510748652154,0.0,425.0708560000021
2,AdultCensus,10.0,True,0.8274073568552515,0.0130191975351133,423.9941400000025
3,AdultCensus,0.0,True,0.8481539616460793,0.2026812877834524,401.692311
3,AdultCensus,0.1,True,0.7607315908005187,0.0,399.3811929999997
3,AdultCensus,0.25,True,0.8344366341363544,0.1284748403290642,383.88105
3,AdultCensus,0.5,True,0.8225619327100252,0.155742156273857,421.7530100000004
3,AdultCensus,1.0,True,0.8306831365590664,0.0785438704716312,423.9446850000004
3,AdultCensus,2.0,True,0.8345731249573466,0.0373522792551072,426.9323120000008
3,AdultCensus,3.0,True,0.8179894902067836,0.0143900990176381,429.6856260000004
3,AdultCensus,4.0,True,0.7953320139220638,0.0224191358336161,426.80467299999873
3,AdultCensus,5.0,True,0.8276803384972361,0.0131011064190995,424.49123600000166
3,AdultCensus,10.0,True,0.7607315908005187,0.0,422.9766039999995
4,AdultCensus,0.0,True,0.8509520234764212,0.1634618830688921,404.868177
4,AdultCensus,0.1,True,0.7616187811369686,0.0,396.53955499999984
4,AdultCensus,0.25,True,0.8486316795195523,0.1124178157625195,383.77044099999966
4,AdultCensus,0.5,True,0.8113696853886576,0.0350585363899971,423.8362109999998
4,AdultCensus,1.0,True,0.7863918651470688,0.0169038305497336,423.05924199999936
4,AdultCensus,2.0,True,0.8367569780932232,0.0479897155494765,425.8763920000001
4,AdultCensus,3.0,True,0.837098205145704,0.0249873520597391,431.0716140000004
4,AdultCensus,4.0,True,0.7861871289155804,0.021435695041641,423.765080000001
4,AdultCensus,5.0,True,0.8288405104756705,0.0195408939820651,425.83446600000025
4,AdultCensus,10.0,True,0.8282263017812053,0.0063607568642002,422.82553100000223
5,AdultCensus,0.0,True,0.7881662458199686,0.0287269910928903,397.630745
5,AdultCensus,0.1,True,0.8504743056029482,0.1308757278306213,397.54326100000026
5,AdultCensus,0.25,True,0.8486316795195523,0.1134207785823962,386.566898
5,AdultCensus,0.5,True,0.7858459018630997,0.0094939349559712,425.2172879999998
5,AdultCensus,1.0,True,0.7613457994949839,0.0,423.0556020000013
5,AdultCensus,2.0,True,0.8349825974203234,0.0200072973096238,423.2383840000002
5,AdultCensus,3.0,True,0.7613457994949839,0.0,430.13928099999976
5,AdultCensus,4.0,True,0.840919948133488,0.0411370627315249,425.2865350000011
5,AdultCensus,5.0,True,0.8358015423462772,0.0273339144153959,424.9130949999999
5,AdultCensus,10.0,True,0.7448304101549171,0.0119886604538183,420.12150199999815
6,AdultCensus,0.0,True,0.7797720603289429,0.0144197370055306,398.451766
6,AdultCensus,0.1,True,0.7724698014058554,0.0098206699356231,397.400915
6,AdultCensus,0.25,True,0.793557633249164,0.0241866403759135,383.3852920000004
6,AdultCensus,0.5,True,0.7592984371800996,0.0,428.9483490000002
6,AdultCensus,1.0,True,0.794990786869583,0.0292686147635307,423.2255879999993
6,AdultCensus,2.0,True,0.846584317204668,0.0768278427077281,426.1419869999991
6,AdultCensus,3.0,True,0.7592984371800996,0.0,429.2167710000013
6,AdultCensus,4.0,True,0.8358697877567733,0.02295387094581,420.63035899999886
6,AdultCensus,5.0,True,0.7592984371800996,0.0,425.7807659999999
6,AdultCensus,10.0,True,0.7592984371800996,0.0,422.2356619999992
7,AdultCensus,0.0,True,0.7573193202757115,0.0,403.33341
7,AdultCensus,0.1,True,0.7573193202757115,0.0,400.492272
7,AdultCensus,0.25,True,0.847539752951614,0.1381572217412081,384.85927399999946
7,AdultCensus,0.5,True,0.7841397666006961,0.1376581055703875,425.1636559999997
7,AdultCensus,1.0,True,0.8117791578516345,0.0579581834015983,421.9117019999994
7,AdultCensus,2.0,True,0.7573193202757115,0.0,423.803156
7,AdultCensus,3.0,True,0.816761072817853,0.0198198793487783,433.3514009999999
7,AdultCensus,4.0,True,0.8268613935712823,0.0028492978282181,426.476009
7,AdultCensus,5.0,True,0.8264519211083055,0.0254123893929043,419.7873880000007
7,AdultCensus,10.0,True,0.7885074728724494,0.0088805744272692,421.4407670000001
8,AdultCensus,0.0,True,0.7762232989831434,0.3899163237907446,400.535719
8,AdultCensus,0.1,True,0.8450829181737528,0.1076546292996156,399.2883780000004
8,AdultCensus,0.25,True,0.8287722650651743,0.1628776482702356,383.8172860000004
8,AdultCensus,0.5,True,0.8110967037466731,0.0723617179675478,418.125787
8,AdultCensus,1.0,True,0.8124616119565959,0.0566210488458602,423.1122429999986
8,AdultCensus,2.0,True,0.8074796969903774,0.0402838697038789,426.1209319999998
8,AdultCensus,3.0,True,0.84283081962738,0.0497366006969527,426.8567129999992
8,AdultCensus,4.0,True,0.7534293318774312,0.0,426.5834369999993
8,AdultCensus,5.0,True,0.8325257626424623,0.0268568192880252,427.7119070000008
8,AdultCensus,10.0,True,0.7534293318774312,0.0,424.2131089999966
9,AdultCensus,0.0,True,0.7830478400327578,0.3135346303496704,401.561478
9,AdultCensus,0.1,True,0.7625059714734184,0.0,398.69018000000005
9,AdultCensus,0.25,True,0.835187333651812,0.083215468293287,389.5408029999999
9,AdultCensus,0.5,True,0.836142769398758,0.0598042765457732,422.9320009999992
9,AdultCensus,1.0,True,0.7625059714734184,0.0,425.879938
9,AdultCensus,2.0,True,0.8385996041766192,0.0148323271765704,423.3361329999989
9,AdultCensus,3.0,True,0.8250870128983826,0.0260066148658199,429.4499300000007
9,AdultCensus,4.0,True,0.784549239063673,0.0144154675524651,423.226939000002
9,AdultCensus,5.0,True,0.824336313382925,0.0035613538149253,424.6003180000007
9,AdultCensus,10.0,True,0.8094588138947656,0.0178495767928794,425.20856099999946
10,AdultCensus,0.0,True,0.7743806728997475,0.3046989194692112,397.896763
10,AdultCensus,0.1,True,0.8485634341090562,0.1567804268800817,397.47280799999953
10,AdultCensus,0.25,True,0.8127345935985805,0.1670141864862473,404.56250700000055
10,AdultCensus,0.5,True,0.7582747560226575,0.0,420.5640910000002
10,AdultCensus,1.0,True,0.7969699037739713,0.0307551146804881,425.306720999999
10,AdultCensus,2.0,True,0.8389408312290998,0.0499347613741201,421.8355559999982
10,AdultCensus,3.0,True,0.7582747560226575,0.0,429.0721450000019
10,AdultCensus,4.0,True,0.8293864737596397,0.0164425203467147,428.48212899999817
10,AdultCensus,5.0,True,0.8401010032075343,0.0383258511727588,426.0041560000027
10,AdultCensus,10.0,True,0.8269296389817785,0.0039666170512444,421.650198000003
11,AdultCensus,0.0,True,0.8001091926567938,0.0292105914960079,402.295538
11,AdultCensus,0.1,True,0.8406469664915035,0.1830221539570435,399.2086879999997
11,AdultCensus,0.25,True,0.8460383539206988,0.1204601800236785,401.9200449999999
11,AdultCensus,0.5,True,0.8463113355626835,0.0935371511216596,420.7840399999996
11,AdultCensus,1.0,True,0.8349825974203234,0.0197066141129398,422.7899120000002
11,AdultCensus,2.0,True,0.7925339520917218,0.0173694048832043,421.9297319999987
11,AdultCensus,3.0,True,0.8323210264109738,0.0019426513446266,431.6704269999991
11,AdultCensus,4.0,True,0.7659182419982257,0.0,425.25218600000153
11,AdultCensus,5.0,True,0.8315703268955162,0.0032175195849018,424.3261970000021
11,AdultCensus,10.0,True,0.8315703268955162,0.0025529843913001,421.2216680000056
12,AdultCensus,0.0,True,0.843786255374326,0.2674388581376149,398.92992300000014
12,AdultCensus,0.1,True,0.8506790418344367,0.1417121269825036,398.2421340000001
12,AdultCensus,0.25,True,0.820105097932164,0.0539722513295093,399.0788129999992
12,AdultCensus,0.5,True,0.8467208080256603,0.1014325215174187,427.7710790000001
12,AdultCensus,1.0,True,0.7612775540844878,0.0,422.6501189999999
12,AdultCensus,2.0,True,0.8426943288063877,0.0589083254829092,427.7921239999996
12,AdultCensus,3.0,True,0.7612775540844878,0.0,429.9914570000001
12,AdultCensus,4.0,True,0.8369617143247117,0.0213838676621211,424.5351720000017
12,AdultCensus,5.0,True,0.7732887463318092,0.0353084295898907,425.8936429999994
12,AdultCensus,10.0,True,0.7612775540844878,0.0,423.5158550000015
13,AdultCensus,0.0,True,0.8454241452262335,0.1945305499041425,402.58502
13,AdultCensus,0.1,True,0.7992902477308401,0.245832337874303,398.70666500000016
13,AdultCensus,0.25,True,0.8447416911212721,0.121745079498406,403.2342470000003
13,AdultCensus,0.5,True,0.8136217839350304,0.0487367520120846,420.4143100000001
13,AdultCensus,1.0,True,0.7621647444209377,0.0,421.1807740000004
13,AdultCensus,2.0,True,0.8334811983894083,0.0683144552387131,424.5154950000015
13,AdultCensus,3.0,True,0.789804135671876,0.0180728835283595,426.4434020000008
13,AdultCensus,4.0,True,0.7621647444209377,0.0,421.644014999998
13,AdultCensus,5.0,True,0.8302736640960895,0.0211243112471362,424.4478219999983
13,AdultCensus,10.0,True,0.7621647444209377,0.0,422.0962700000018
14,AdultCensus,0.0,True,0.7599808912850611,0.0,396.1373689999999
14,AdultCensus,0.1,True,0.8499283423189791,0.1638293278688558,397.66955400000006
14,AdultCensus,0.25,True,0.7951955231010714,0.1202790958374793,405.8906859999997
14,AdultCensus,0.5,True,0.8016788370982052,0.0351069478195087,423.6904020000002
14,AdultCensus,1.0,True,0.7328874633180918,0.0544004841227402,426.2132810000003
14,AdultCensus,2.0,True,0.8373711867876885,0.0379343998594752,429.6595500000003
14,AdultCensus,3.0,True,0.7915102709342797,0.0287585592946598,427.9473479999997
14,AdultCensus,4.0,True,0.7803862690234081,0.0052128507170135,425.3864040000008
14,AdultCensus,5.0,True,0.7599808912850611,0.0,425.5624439999992
14,AdultCensus,10.0,True,0.8340954070838736,0.0279982501486681,424.3604739999973
15,AdultCensus,0.0,True,0.7619600081894493,0.0,401.572312
15,AdultCensus,0.1,True,0.7693305125230329,0.0522928537075473,397.26821400000017
15,AdultCensus,0.25,True,0.8510202688869174,0.1149130684727113,404.3831769999997
15,AdultCensus,0.5,True,0.7619600081894493,0.0,423.4634560000004
15,AdultCensus,1.0,True,0.8332764621579198,0.0271264628132287,424.6217579999993
15,AdultCensus,2.0,True,0.8405104756705112,0.0519009278564697,423.7780590000002
15,AdultCensus,3.0,True,0.8345731249573466,0.030823398839665,431.490393
15,AdultCensus,4.0,True,0.8459018630997065,0.0748129177478899,423.1925399999982
15,AdultCensus,5.0,True,0.8433767829113492,0.0473673788518471,422.3264489999965
15,AdultCensus,10.0,True,0.8332764621579198,0.0183421424779578,424.0956530000003
16,AdultCensus,0.0,True,0.7577287927386883,0.0,400.3593330000001
16,AdultCensus,0.1,True,0.8497236060874906,0.1745797922259173,395.263336
16,AdultCensus,0.25,True,0.834777861188835,0.1105346420801914,402.4381409999996
16,AdultCensus,0.5,True,0.8436497645533337,0.0982746409069434,422.9754670000002
16,AdultCensus,1.0,True,0.8223571964785368,0.0638704226896934,426.1131489999989
16,AdultCensus,2.0,True,0.8368252235037194,0.0420042116833417,428.71891799999867
16,AdultCensus,3.0,True,0.8220842148365523,0.0319848875237667,426.20966399999816
16,AdultCensus,4.0,True,0.7901453627243568,0.0357896083228553,427.8032569999996
16,AdultCensus,5.0,True,0.836142769398758,0.0327054230724477,424.7014650000019
16,AdultCensus,10.0,True,0.8325940080529585,0.0326152459006549,422.0711329999976
17,AdultCensus,0.0,True,0.8515662321708866,0.2012763082713021,400.317442
17,AdultCensus,0.1,True,0.8535453490752747,0.1548300047983913,395.2842559999999
17,AdultCensus,0.25,True,0.8477444891831024,0.1082638360230905,401.28857400000015
17,AdultCensus,0.5,True,0.7573875656862076,0.0,421.3569349999998
17,AdultCensus,1.0,True,0.8211287790896062,0.072488609856854,425.78650599999855
17,AdultCensus,2.0,True,0.8398962669760459,0.0231011658533084,426.17939099999967
17,AdultCensus,3.0,True,0.839964512386542,0.0275266499262562,425.8350359999986
17,AdultCensus,4.0,True,0.8356650515252849,0.0192663370066411,424.8140019999992
17,AdultCensus,5.0,True,0.7573875656862076,0.0,424.93183599999975
17,AdultCensus,10.0,True,0.7573875656862076,0.0,420.6732489999959
18,AdultCensus,0.0,True,0.8439909916058145,0.1897733186511498,400.857016
18,AdultCensus,0.1,True,0.848017470825087,0.1348776442805269,401.054553
18,AdultCensus,0.25,True,0.8434450283218453,0.1059641970932293,405.57396700000027
18,AdultCensus,0.5,True,0.8438545007848223,0.0999547047934144,425.1406400000005
18,AdultCensus,1.0,True,0.8321162901794854,0.0338563023188966,421.4648679999991
18,AdultCensus,2.0,True,0.8377806592506654,0.0383495155801264,423.9552029999995
18,AdultCensus,3.0,True,0.7954002593325599,0.0290013349725086,431.371067
18,AdultCensus,4.0,True,0.8261106940558247,0.0004026496648322,424.2240290000009
18,AdultCensus,5.0,True,0.8338906708523852,0.0356857928923817,426.9497080000001
18,AdultCensus,10.0,True,0.8061830341909506,0.001444355613882,422.868738000001
19,AdultCensus,0.0,True,0.8512932505289019,0.1930071826962088,396.071098
19,AdultCensus,0.1,True,0.8311608544325394,0.1921639124440022,396.3451359999999
19,AdultCensus,0.25,True,0.7600491366955572,0.0,403.2359980000001
19,AdultCensus,0.5,True,0.7979253395209173,0.0392390660222189,422.9022239999995
19,AdultCensus,1.0,True,0.79451306899611,0.0240250371634873,420.7388360000005
19,AdultCensus,2.0,True,0.7813417047703541,0.0177209017890662,425.57293799999934
19,AdultCensus,3.0,True,0.8343683887258582,0.0292500214647548,428.6328160000012
19,AdultCensus,4.0,True,0.823858595509452,0.0084305139588247,423.5813870000002
19,AdultCensus,5.0,True,0.797788848699925,0.0321119677372108,425.67410499999824
19,AdultCensus,10.0,True,0.8332764621579198,0.001646241479334,423.0456970000014
20,AdultCensus,0.0,True,0.8360062785777657,0.1659295058856303,394.148471
20,AdultCensus,0.1,True,0.7925339520917218,0.2671390350748243,397.2674280000001
20,AdultCensus,0.25,True,0.8426260833958916,0.1193204600744021,404.5843999999997
20,AdultCensus,0.5,True,0.7642803521463182,0.0,421.0042820000008
20,AdultCensus,1.0,True,0.8457653722787143,0.0830588763203389,422.8075979999994
20,AdultCensus,2.0,True,0.8362110148092541,0.0265744240885785,424.6177580000003
20,AdultCensus,3.0,True,0.7642803521463182,0.0,426.8906869999992
20,AdultCensus,4.0,True,0.8170340544598376,0.0137184718483733,423.269647000001
20,AdultCensus,5.0,True,0.7642803521463182,0.0,422.8727830000025
20,AdultCensus,10.0,True,0.8160103733023955,0.0109257140521782,423.056819999998
21,AdultCensus,0.0,True,0.8196273800586911,0.3132532871228267,397.2196510000001
21,AdultCensus,0.1,True,0.804476898928547,0.2724368452896695,399.87191900000016
21,AdultCensus,0.25,True,0.8409881935439841,0.0840812815826255,400.0298140000005
21,AdultCensus,0.5,True,0.8218794786050638,0.086086695295256,428.1302480000004
21,AdultCensus,1.0,True,0.7911007984713028,0.0374289924549542,423.9839009999996
21,AdultCensus,2.0,True,0.8387360949976114,0.0506291965232496,424.5255709999983
21,AdultCensus,3.0,True,0.77840715211902,0.0174727575150047,428.4277740000016
21,AdultCensus,4.0,True,0.8029754998976318,0.0380682448229264,420.4892419999997
21,AdultCensus,5.0,True,0.7590937009486112,0.0,427.0880880000004
21,AdultCensus,10.0,True,0.8284992834231898,0.0003407392416164,421.11215999999695
22,AdultCensus,0.0,True,0.8247457858459019,0.2681838090198337,399.148463
22,AdultCensus,0.1,True,0.8465160717941719,0.1443056566426329,398.569626
22,AdultCensus,0.25,True,0.8459018630997065,0.1135450732352569,404.377848000001
22,AdultCensus,0.5,True,0.8417388930594417,0.0932301584099947,425.4727220000004
22,AdultCensus,1.0,True,0.7607315908005187,0.0,427.1681150000004
22,AdultCensus,2.0,True,0.8394185491025729,0.0469069981561943,423.2636030000013
22,AdultCensus,3.0,True,0.8390773220500921,0.0604084933032801,424.6550700000007
22,AdultCensus,4.0,True,0.833344707568416,0.0231576180972969,423.0349420000021
22,AdultCensus,5.0,True,0.823858595509452,0.0417714874213399,426.59246599999824
22,AdultCensus,10.0,True,0.8291134921176551,0.0292381894228132,421.5712549999989
23,AdultCensus,0.0,True,0.7547942400873541,0.0,398.08980600000007
23,AdultCensus,0.1,True,0.8505425510134443,0.1342416740023243,399.07948099999976
23,AdultCensus,0.25,True,0.8473350167201256,0.1107970927487922,403.4775640000007
23,AdultCensus,0.5,True,0.8408517027229919,0.1281104836763296,421.8872709999996
23,AdultCensus,1.0,True,0.81628335494438,0.0322742898879718,427.6430089999994
23,AdultCensus,2.0,True,0.7547942400873541,0.0,429.0220390000013
23,AdultCensus,3.0,True,0.8315020814850201,0.0316894950820751,428.8700369999988
23,AdultCensus,4.0,True,0.8401692486180304,0.042600968235416,426.9981239999979
23,AdultCensus,5.0,True,0.8108919675151846,0.0238946737728999,422.447108999997
23,AdultCensus,10.0,True,0.779362587865966,0.0135992404764853,424.8845819999988
24,AdultCensus,0.0,True,0.814372483450488,0.2811657402507319,396.842969
24,AdultCensus,0.1,True,0.8505425510134443,0.1421404987410522,396.1270159999999
24,AdultCensus,0.25,True,0.7625742168839146,0.0,404.511735
24,AdultCensus,0.5,True,0.8319797993584931,0.0936909805566064,423.9328740000001
24,AdultCensus,1.0,True,0.8432402920903569,0.0635874503710274,422.7616269999999
24,AdultCensus,2.0,True,0.8329352351054392,0.0222898220907169,426.81595299999753
24,AdultCensus,3.0,True,0.7919879888077527,0.0195011339209394,430.4902430000002
24,AdultCensus,4.0,True,0.8379853954821538,0.0321601993264521,423.1812280000013
24,AdultCensus,5.0,True,0.8128028390090767,0.0005862107898012,423.1948950000005
24,AdultCensus,10.0,True,0.8184672080802566,0.0080402135068524,422.47252399999707
25,AdultCensus,0.0,True,0.79451306899611,0.0332795844541884,397.4152550000001
25,AdultCensus,0.1,True,0.7998362110148093,0.0322105387685667,395.7579450000003
25,AdultCensus,0.25,True,0.8503378147819559,0.1148398484497007,404.8599489999997
25,AdultCensus,0.5,True,0.8464478263836757,0.0965914392709605,421.868133
25,AdultCensus,1.0,True,0.7931481607861871,0.0963443820599569,420.6378399999994
25,AdultCensus,2.0,True,0.8364839964512386,0.0357441405265623,428.1875739999996
25,AdultCensus,3.0,True,0.7715143656589094,0.0030437995308163,429.03758299999936
25,AdultCensus,4.0,True,0.7990855114993517,0.0349734356177532,421.9951230000006
25,AdultCensus,5.0,True,0.8358697877567733,0.0242745436877503,424.9861170000004
25,AdultCensus,10.0,True,0.7593666825905958,0.0,427.3251410000012
26,AdultCensus,0.0,True,0.8458336176892104,0.1621553060636807,395.4583950000001
26,AdultCensus,0.1,True,0.8089810960212925,0.276847899170358,397.819645
26,AdultCensus,0.25,True,0.8416024022384495,0.1016120622092163,400.50126199999977
26,AdultCensus,0.5,True,0.8291817375281513,0.0922005901256502,419.8541990000013
26,AdultCensus,1.0,True,0.839486794513069,0.068174821922869,425.2781469999991
26,AdultCensus,2.0,True,0.8368934689142156,0.027111394175548,425.6709870000013
26,AdultCensus,3.0,True,0.7620282535999454,0.0,426.7798589999984
26,AdultCensus,4.0,True,0.8316385723060125,0.0195317350555767,420.525681000001
26,AdultCensus,5.0,True,0.7620282535999454,0.0,422.8856469999992
26,AdultCensus,10.0,True,0.8285675288336859,0.0101918206432022,421.15706099999807
27,AdultCensus,0.0,True,0.7634614072203645,0.0,394.83472000000006
27,AdultCensus,0.1,True,0.7979935849314134,0.297758769660609,396.2183500000001
27,AdultCensus,0.25,True,0.7634614072203645,0.0,400.6197599999996
27,AdultCensus,0.5,True,0.8474032621306217,0.0920029755692657,423.2705790000009
27,AdultCensus,1.0,True,0.7634614072203645,0.0,425.1510309999994
27,AdultCensus,2.0,True,0.8001091926567938,0.0318730887989074,425.7395890000007
27,AdultCensus,3.0,True,0.8369617143247117,0.0258407485438926,424.353998999999
27,AdultCensus,4.0,True,0.8344366341363544,0.0209929575236943,423.842716000001
27,AdultCensus,5.0,True,0.8390773220500921,0.0320257212579375,425.5420410000006
27,AdultCensus,10.0,True,0.8376441684296732,0.0200710951323489,423.95427199999904
28,AdultCensus,0.0,True,0.8491776428035215,0.1520851603613054,397.6224350000001
28,AdultCensus,0.1,True,0.8465160717941719,0.1603546856292994,395.3783159999998
28,AdultCensus,0.25,True,0.8465160717941719,0.1141098992920115,401.720804999999
28,AdultCensus,0.5,True,0.8284992834231898,0.1485567135751829,424.9645190000001
28,AdultCensus,1.0,True,0.8396232853340613,0.0689997774467148,424.4893799999991
28,AdultCensus,2.0,True,0.7606633453900226,0.0,425.3950530000002
28,AdultCensus,3.0,True,0.8379171500716577,0.0281542725081965,428.6850770000019
28,AdultCensus,4.0,True,0.834777861188835,0.0280696224012595,425.4178170000014
28,AdultCensus,5.0,True,0.8057735617279738,0.0068334576395355,424.0862830000042
28,AdultCensus,10.0,True,0.7606633453900226,0.0,421.7453969999988
29,AdultCensus,0.0,True,0.8009963829932437,0.2996277867445339,399.1676949999999
29,AdultCensus,0.1,True,0.7577287927386883,0.0,403.8294109999997
29,AdultCensus,0.25,True,0.8027707636661434,0.1508208592415171,404.505725
29,AdultCensus,0.5,True,0.800655155940763,0.088697513658683,420.7244619999992
29,AdultCensus,1.0,True,0.8358697877567733,0.0630089605081094,425.8886930000008
29,AdultCensus,2.0,True,0.7577287927386883,0.0,428.8886970000003
29,AdultCensus,3.0,True,0.7891899269774107,0.032062971113536,420.3637729999991
29,AdultCensus,4.0,True,0.8293182283491435,0.0274158357641516,426.0633689999995
29,AdultCensus,5.0,True,0.8310243636115471,0.0322851558476252,423.09351199999946
29,AdultCensus,10.0,True,0.7906913260083259,0.0008178365497138,422.7493740000027
30,AdultCensus,0.0,True,0.8529993857913055,0.1537539530267669,396.73534100000006
30,AdultCensus,0.1,True,0.8547737664642053,0.146825553298701,403.3696230000005
30,AdultCensus,0.25,True,0.7658499965877295,0.0,422.9348850000006
30,AdultCensus,0.5,True,0.7658499965877295,0.0,422.24462499999936
30,AdultCensus,1.0,True,0.7658499965877295,0.0,424.8178050000006
30,AdultCensus,2.0,True,0.799699720193817,0.0136933222347777,428.9808899999989
30,AdultCensus,3.0,True,0.8012693646352282,0.0286206223888765,422.2395889999989
30,AdultCensus,4.0,True,0.835187333651812,0.0252895968548349,423.8816509999997
30,AdultCensus,5.0,True,0.7658499965877295,0.0,423.8499570000022
30,AdultCensus,10.0,True,0.8207193066266294,0.0018035847445157,424.0415390000017
31,AdultCensus,0.0,True,0.8474032621306217,0.1460960435455864,398.379606
31,AdultCensus,0.1,True,0.8171022998703337,0.276785173950009,403.0147059999995
31,AdultCensus,0.25,True,0.848017470825087,0.116162557888469,425.5843910000003
31,AdultCensus,0.5,True,0.8310926090220433,0.0427881642811588,416.6230939999996
31,AdultCensus,1.0,True,0.8265201665188016,0.0598299836348562,424.37115600000106
31,AdultCensus,2.0,True,0.7590937009486112,0.0,428.2675229999986
31,AdultCensus,3.0,True,0.8387360949976114,0.0234321815663393,423.5859619999992
31,AdultCensus,4.0,True,0.8398962669760459,0.0321079930205857,421.3021509999999
31,AdultCensus,5.0,True,0.830478400327578,0.0228956697753527,422.9288919999999
31,AdultCensus,10.0,True,0.8339589162628813,0.0144984931964253,422.9064570000046
32,AdultCensus,0.0,True,0.7667371869241794,0.0,395.64896
32,AdultCensus,0.1,True,0.8466525626151641,0.1051458912521068,407.0190120000007
32,AdultCensus,0.25,True,0.7667371869241794,0.0,421.6081409999997
32,AdultCensus,0.5,True,0.8463113355626835,0.0765770413020544,426.884161
32,AdultCensus,1.0,True,0.7667371869241794,0.0,425.71833400000105
32,AdultCensus,2.0,True,0.8388043404081076,0.0276337215598466,429.0739130000002
32,AdultCensus,3.0,True,0.8165563365863646,0.0323871849971524,427.0326630000018
32,AdultCensus,4.0,True,0.8110967037466731,0.0149058110140251,424.3829719999976
32,AdultCensus,5.0,True,0.8315703268955162,0.0020830323706466,424.7682260000038
32,AdultCensus,10.0,True,0.7667371869241794,0.0,425.3342940000002
33,AdultCensus,0.0,True,0.8519074592233672,0.1560616843283011,398.55087100000014
33,AdultCensus,0.1,True,0.7611410632634955,0.0,404.677788
33,AdultCensus,0.25,True,0.8429673104483724,0.089371921683389,422.8682199999994
33,AdultCensus,0.5,True,0.8407834573124957,0.0833515913955659,419.277094
33,AdultCensus,1.0,True,0.7989490206783594,0.0318261757756449,420.5455789999996
33,AdultCensus,2.0,True,0.8422166109329148,0.0469259312897714,430.08352399999785
33,AdultCensus,3.0,True,0.8137582747560227,0.0261444856686095,424.101584
33,AdultCensus,4.0,True,0.7841397666006961,0.0239323780202177,423.8801949999997
33,AdultCensus,5.0,True,0.8284310380126937,0.0096161683445891,423.5821589999978
33,AdultCensus,10.0,True,0.8334129529789122,0.0229902494629118,423.68718299999455
34,AdultCensus,0.0,True,0.771309629427421,0.2961397568481394,398.323517
34,AdultCensus,0.1,True,0.8200368525216679,0.2275959748670508,404.0072480000004
34,AdultCensus,0.25,True,0.7792943424554699,0.2192435711887463,426.8411539999997
34,AdultCensus,0.5,True,0.8358697877567733,0.0927707565896895,423.7440690000003
34,AdultCensus,1.0,True,0.8423531017539071,0.0627052791269615,422.71450899999945
34,AdultCensus,2.0,True,0.8263836756978094,0.0281447787578817,425.7129619999996
34,AdultCensus,3.0,True,0.7600491366955572,0.0,430.3194240000012
34,AdultCensus,4.0,True,0.83238927182147,0.0083161329372802,428.2123859999974
34,AdultCensus,5.0,True,0.8316385723060125,0.011467383389881,422.0622199999998
34,AdultCensus,10.0,True,0.7600491366955572,0.0,422.5665540000045
35,AdultCensus,0.0,True,0.8485634341090562,0.1647410366810677,397.071076
35,AdultCensus,0.1,True,0.8420801201119225,0.1398354577600979,404.2401
35,AdultCensus,0.25,True,0.8448781819422644,0.1190807699445286,423.5885909999997
35,AdultCensus,0.5,True,0.79451306899611,0.0320067671150004,422.7786480000013
35,AdultCensus,1.0,True,0.8448099365317683,0.0626037538001353,429.567516000001
35,AdultCensus,2.0,True,0.8280215655497167,0.0450357061314805,429.1261719999984
35,AdultCensus,3.0,True,0.8204463249846448,0.0532288828786685,426.8332310000005
35,AdultCensus,4.0,True,0.7596396642325803,0.0,422.4827099999984
35,AdultCensus,5.0,True,0.8375759230191769,0.0279438711421831,420.84243699999934
35,AdultCensus,10.0,True,0.7596396642325803,0.0,423.0819839999968
36,AdultCensus,0.0,True,0.7720603289428786,0.447221338827629,396.858755
36,AdultCensus,0.1,True,0.7602538729270456,0.0,403.86095399999977
36,AdultCensus,0.25,True,0.8070702245274005,0.0235052670413934,421.544003
36,AdultCensus,0.5,True,0.8439909916058145,0.0755285211689814,423.0062939999998
36,AdultCensus,1.0,True,0.7767692622671125,0.0105938898568549,424.959882000001
36,AdultCensus,2.0,True,0.7602538729270456,0.0,427.2235899999978
36,AdultCensus,3.0,True,0.7169862826724903,0.0278961777734905,425.8634800000018
36,AdultCensus,4.0,True,0.7602538729270456,0.0,422.6146049999989
36,AdultCensus,5.0,True,0.7875520371255033,0.0105667181463819,422.2174880000021
36,AdultCensus,10.0,True,0.784549239063673,0.0193121780843115,420.34086300000126
37,AdultCensus,0.0,True,0.7966969221319866,0.0331429659804484,400.77353600000015
37,AdultCensus,0.1,True,0.8515662321708866,0.1706693448588686,405.2191439999997
37,AdultCensus,0.25,True,0.8523851770968403,0.1320213481982421,422.00206100000014
37,AdultCensus,0.5,True,0.8291134921176551,0.0516432472496888,421.9117990000004
37,AdultCensus,1.0,True,0.7960827134375213,0.0298014199087156,424.7550659999997
37,AdultCensus,2.0,True,0.8419436292909301,0.0320716750379507,425.8372210000016
37,AdultCensus,3.0,True,0.821470006142087,0.0103006343164503,426.1743619999979
37,AdultCensus,4.0,True,0.760868081621511,0.0,424.50668499999847
37,AdultCensus,5.0,True,0.8416024022384495,0.0137503852028122,422.4182690000016
37,AdultCensus,10.0,True,0.8055005800859892,0.0138683558710814,421.2453309999983
38,AdultCensus,0.0,True,0.8490411519825292,0.1813729656932965,398.1859749999999
38,AdultCensus,0.1,True,0.7977206032894287,0.0301449957359355,399.6944049999997
38,AdultCensus,0.25,True,0.8332082167474237,0.0999948080206098,425.9012560000001
38,AdultCensus,0.5,True,0.8461748447416911,0.1024164925668857,424.1696790000005
38,AdultCensus,1.0,True,0.8305466457380741,0.0594599430853798,424.1387720000002
38,AdultCensus,2.0,True,0.8329352351054392,0.0319709810539534,426.91037999999935
38,AdultCensus,3.0,True,0.7986760390363749,0.0420290731631764,423.7921550000028
38,AdultCensus,4.0,True,0.8306831365590664,0.0109064356443294,424.4235170000011
38,AdultCensus,5.0,True,0.8190131713642258,0.0126294167694585,424.7005589999972
38,AdultCensus,10.0,True,0.7605950999795263,0.0,422.43674100000135
39,AdultCensus,0.0,True,0.7539752951614004,0.0,397.4877180000003
39,AdultCensus,0.1,True,0.8377124138401693,0.1783057767961463,403.57353200000034
39,AdultCensus,0.25,True,0.8236538592779635,0.077673342853062,420.99117599999954
39,AdultCensus,0.5,True,0.836688732682727,0.0873651483268056,427.58316899999954
39,AdultCensus,1.0,True,0.8378489046611616,0.0580720174499369,424.9851919999983
39,AdultCensus,2.0,True,0.8338906708523852,0.0281120707216161,428.6512229999989
39,AdultCensus,3.0,True,0.8026342728451512,0.0378260573973409,429.2811689999999
39,AdultCensus,4.0,True,0.7539752951614004,0.0,423.8780939999997
39,AdultCensus,5.0,True,0.7915102709342797,0.0223655087452054,423.33158300000287
39,AdultCensus,10.0,True,0.819149662185218,0.0134132926988765,423.7191959999982
40,AdultCensus,0.0,True,0.8094588138947656,0.0630412114211371,397.8287520000004
40,AdultCensus,0.1,True,0.7938988603016447,0.1136705524313618,382.7645809999999
40,AdultCensus,0.25,True,0.7788166245819969,0.0208524816345906,425.760988
40,AdultCensus,0.5,True,0.7730840101003208,0.01169930394674,421.9880049999993
40,AdultCensus,1.0,True,0.758001774380673,0.0002068680182043,423.3971330000004
40,AdultCensus,2.0,True,0.8186036989012488,0.0142752416167467,421.5104509999983
40,AdultCensus,3.0,True,0.7769739984986009,0.0193585823133933,422.3432229999999
40,AdultCensus,4.0,True,0.7580700197911691,0.0,424.3632260000013
40,AdultCensus,5.0,True,0.8297959462226165,0.0116045816114873,425.5362720000012
40,AdultCensus,10.0,True,0.7580700197911691,0.0,423.6825160000008
41,AdultCensus,0.0,True,0.8562751654951205,0.2044815231496708,401.9462169999997
41,AdultCensus,0.1,True,0.8478809800040947,0.1284364301286868,385.22594500000014
41,AdultCensus,0.25,True,0.7639391250938374,0.0,424.1869370000004
41,AdultCensus,0.5,True,0.8336859346208968,0.0774127108694823,422.0422160000008
41,AdultCensus,1.0,True,0.7639391250938374,0.0,427.8882379999996
41,AdultCensus,2.0,True,0.8413976660069611,0.0465850403945376,423.45639599999777
41,AdultCensus,3.0,True,0.7639391250938374,0.0,424.977766
41,AdultCensus,4.0,True,0.8295912099911281,0.0154859540665848,425.1116280000024
41,AdultCensus,5.0,True,0.8234491230464751,0.0071755342641111,422.351881999999
41,AdultCensus,10.0,True,0.8368252235037194,0.0253932111665399,421.4277309999961
42,AdultCensus,0.0,True,0.8478809800040947,0.1382582733553312,401.0972230000002
42,AdultCensus,0.1,True,0.8388043404081076,0.1038226284340663,382.6180709999999
42,AdultCensus,0.25,True,0.8332082167474237,0.0857518391057595,425.2200869999997
42,AdultCensus,0.5,True,0.8416706476489456,0.0715293736165244,426.0576960000008
42,AdultCensus,1.0,True,0.8371664505562001,0.0463964232130675,424.350414999999
42,AdultCensus,2.0,True,0.8367569780932232,0.0448324107957504,425.9498550000008
42,AdultCensus,3.0,True,0.7581382652016652,0.0,424.9934790000007
42,AdultCensus,4.0,True,0.7581382652016652,0.0,424.620213000002
42,AdultCensus,5.0,True,0.8189449259537296,0.0184330289979535,422.6274550000017
42,AdultCensus,10.0,True,0.8213335153210947,0.0072030530644984,422.9605109999975
43,AdultCensus,0.0,True,0.8497918514979867,0.1604686207606008,396.883497
43,AdultCensus,0.1,True,0.8462430901521872,0.1432519644020754,385.48210300000073
43,AdultCensus,0.25,True,0.8447416911212721,0.1179605202602806,419.69489200000135
43,AdultCensus,0.5,True,0.8473350167201256,0.0959251074323612,422.691506000001
43,AdultCensus,1.0,True,0.8019518187401897,0.0310401829134789,423.3712460000006
43,AdultCensus,2.0,True,0.8040674264655702,0.0200584277979981,425.3375909999995
43,AdultCensus,3.0,True,0.7622329898314338,0.0,424.4891850000004
43,AdultCensus,4.0,True,0.7946495598171023,0.0269830052956052,426.2123910000009
43,AdultCensus,5.0,True,0.8022930457926705,0.0277037552455782,421.0494950000029
43,AdultCensus,10.0,True,0.7622329898314338,0.0,420.5487020000001
44,AdultCensus,0.0,True,0.8385996041766192,0.1468946337002605,398.0991759999997
44,AdultCensus,0.1,True,0.8478809800040947,0.1378212075922313,384.8161539999997
44,AdultCensus,0.25,True,0.8070019791169044,0.2365876357045881,426.5964609999992
44,AdultCensus,0.5,True,0.7653040333037603,0.0048594319053298,425.5137300000006
44,AdultCensus,1.0,True,0.8401010032075343,0.0514370950760723,424.3425070000012
44,AdultCensus,2.0,True,0.838531358766123,0.0547411786245342,428.3536529999983
44,AdultCensus,3.0,True,0.8393503036920767,0.0490502146729685,429.0230789999987
44,AdultCensus,4.0,True,0.8342318979048658,0.0198314594556508,423.4929169999996
44,AdultCensus,5.0,True,0.8256329761823518,0.0145755166291155,421.9197419999982
44,AdultCensus,10.0,True,0.7584112468436498,0.0,419.7585309999995
45,AdultCensus,0.0,True,0.8506107964239404,0.1694814716566822,398.789023
45,AdultCensus,0.1,True,0.8478127345935986,0.1505887804030087,385.7958689999996
45,AdultCensus,0.25,True,0.8435815191428376,0.1043158180049717,419.62448199999926
45,AdultCensus,0.5,True,0.8458336176892104,0.1091475258922536,419.927819999999
45,AdultCensus,1.0,True,0.825769467003344,0.0579265280298173,429.1453000000001
45,AdultCensus,2.0,True,0.7626424622944107,0.0,425.84116899999935
45,AdultCensus,3.0,True,0.8335494437999045,0.0258376381026258,424.770706000003
45,AdultCensus,4.0,True,0.7626424622944107,0.0,425.9387269999988
45,AdultCensus,5.0,True,0.8297277008121204,0.0163595049238991,421.7103419999985
45,AdultCensus,10.0,True,0.8214017607315908,0.0036011517790813,419.20761499999935
46,AdultCensus,0.0,True,0.7591619463591074,0.0,398.3225050000001
46,AdultCensus,0.1,True,0.8462430901521872,0.1217083496194366,387.8346670000001
46,AdultCensus,0.25,True,0.8140312563980072,0.0976121573156544,422.9345840000005
46,AdultCensus,0.5,True,0.8452194089947451,0.0819411267099882,424.0269509999998
46,AdultCensus,1.0,True,0.7591619463591074,0.0,423.9632920000004
46,AdultCensus,2.0,True,0.831433836074524,0.0326259218355443,428.5733699999983
46,AdultCensus,3.0,True,0.8297959462226165,0.0245841965757402,422.6624899999988
46,AdultCensus,4.0,True,0.8354603152937965,0.0327799110205193,421.395916999998
46,AdultCensus,5.0,True,0.8183989626697604,0.0460158876594591,423.9199909999989
46,AdultCensus,10.0,True,0.7591619463591074,0.0,385.79729900000166
47,AdultCensus,0.0,True,0.7936941240701563,0.0262569109759286,399.6503420000004
47,AdultCensus,0.1,True,0.8497236060874906,0.1553936514440634,383.3959100000002
47,AdultCensus,0.25,True,0.8498600969084829,0.1257136492825052,426.334139999999
47,AdultCensus,0.5,True,0.8298641916331126,0.0692732590361535,420.056458
47,AdultCensus,1.0,True,0.8429673104483724,0.0729042725452539,423.9178499999998
47,AdultCensus,2.0,True,0.7607315908005187,0.0,424.9741130000002
47,AdultCensus,3.0,True,0.8237221046884597,0.0201338293854047,424.4576969999998
47,AdultCensus,4.0,True,0.7616870265474647,0.000679295187363,425.6353679999993
47,AdultCensus,5.0,True,0.7607315908005187,0.0,423.37757099999726
47,AdultCensus,10.0,True,0.8260424486453286,0.0256729711404325,383.7190350000019
48,AdultCensus,0.0,True,0.8557974476216474,0.1814519867275701,399.22822500000007
48,AdultCensus,0.1,True,0.8506790418344367,0.1535792348181555,386.63939500000015
48,AdultCensus,0.25,True,0.8474032621306217,0.1196746532911809,422.7740220000005
48,AdultCensus,0.5,True,0.8393503036920767,0.102642253305173,425.8929079999998
48,AdultCensus,1.0,True,0.757114584044223,0.0,423.3950510000013
48,AdultCensus,2.0,True,0.7942400873541254,0.0347524887900501,420.6401850000002
48,AdultCensus,3.0,True,0.8343001433153621,0.0272847885478897,423.5588399999997
48,AdultCensus,4.0,True,0.8234491230464751,0.010302345548602,425.94817799999873
48,AdultCensus,5.0,True,0.7961509588480175,0.0296558288283023,420.2883189999993
48,AdultCensus,10.0,True,0.757114584044223,0.0,377.7925099999993
49,AdultCensus,0.0,True,0.8476079983621101,0.132881085075145,399.15526999999975
49,AdultCensus,0.1,True,0.8431038012693647,0.1189435113094342,385.67126299999927
49,AdultCensus,0.25,True,0.8335494437999045,0.106989373349475,425.3184570000003
49,AdultCensus,0.5,True,0.8463113355626835,0.084029323837314,426.1947679999994
49,AdultCensus,1.0,True,0.8394185491025729,0.0476431132847224,424.2982179999999
49,AdultCensus,2.0,True,0.8363475056302464,0.0321708372088548,424.4185189999989
49,AdultCensus,3.0,True,0.7609363270320071,0.0,424.6250990000008
49,AdultCensus,4.0,True,0.83238927182147,0.0252627464363345,423.4573599999985
49,AdultCensus,5.0,True,0.839964512386542,0.031192378779509,426.343879
49,AdultCensus,10.0,True,0.7609363270320071,0.0,374.29609000000346
