Unnamed: 0,seed,dataset,level,acc,disparity,time
0,0,COMPAS,0.0,0.65625,0.2888259961177708,0.0317679999999995
0,0,COMPAS,0.03,0.6429924242424242,0.0580259901907033,0.0309200000000089
0,0,COMPAS,0.06,0.6477272727272727,0.0863203283595359,0.0312610000000006
0,0,COMPAS,0.09,0.6477272727272727,0.0863203283595359,0.0306439999999952
0,0,COMPAS,0.12,0.646780303030303,0.1530368811771156,0.0308119999999973
0,0,COMPAS,0.15,0.6486742424242424,0.165468905122468,0.0306700000000006
0,0,COMPAS,0.18,0.6543560606060606,0.2059804110421266,0.0310640000000006
0,0,COMPAS,0.21,0.65625,0.245099056114511,0.0308009999999967
0,0,COMPAS,0.24,0.6571969696969697,0.2872182790759702,0.0307719999999989
0,0,COMPAS,0.2699999999999999,0.6571969696969697,0.2872182790759702,0.030696000000006
0,1,COMPAS,0.0,0.6666666666666666,0.2713056786800885,0.031651999999994
0,1,COMPAS,0.03,0.6553030303030303,0.040328573065733,0.0312429999999892
0,1,COMPAS,0.06,0.6590909090909091,0.0051718465229591,0.0313309999999944
0,1,COMPAS,0.09,0.665719696969697,0.0464985600899065,0.0308869999999927
0,1,COMPAS,0.12,0.6666666666666666,0.0852670765204082,0.0308169999999989
0,1,COMPAS,0.15,0.6704545454545454,0.1125939453536559,0.0310499999999933
0,1,COMPAS,0.18,0.6638257575757576,0.1733067655441899,0.0313809999999961
0,1,COMPAS,0.21,0.6628787878787878,0.1794989334683904,0.0306750000000022
0,1,COMPAS,0.24,0.6628787878787878,0.1794989334683904,0.030546000000001
0,1,COMPAS,0.2699999999999999,0.665719696969697,0.2442486774638359,0.0307810000000046
0,2,COMPAS,0.0,0.6676136363636364,0.2612271135346012,0.0315129999999896
0,2,COMPAS,0.03,0.6666666666666666,0.0006206499091191,0.0307640000000049
0,2,COMPAS,0.06,0.6676136363636364,0.0387684532517622,0.0307460000000077
0,2,COMPAS,0.09,0.6704545454545454,0.0703551004122888,0.0315120000000064
0,2,COMPAS,0.12,0.6666666666666666,0.0996586425499844,0.031492
0,2,COMPAS,0.15,0.665719696969697,0.1240191514829099,0.0313989999999932
0,2,COMPAS,0.18,0.6685606060606061,0.1556057986434366,0.0311240000000054
0,2,COMPAS,0.21,0.665719696969697,0.1714988695305226,0.030901
0,2,COMPAS,0.24,0.6676136363636364,0.22678104357849,0.0314790000000044
0,2,COMPAS,0.2699999999999999,0.6647727272727273,0.2511415525114155,0.0310020000000008
0,3,COMPAS,0.0,0.6875,0.2328561312536764,0.0313009999999991
0,3,COMPAS,0.03,0.6837121212121212,0.0016185655462846,0.0315859999999901
0,3,COMPAS,0.06,0.6893939393939394,0.0332705140069612,0.0311190000000038
0,3,COMPAS,0.09,0.6912878787878788,0.0666834018351236,0.0315000000000083
0,3,COMPAS,0.12,0.696969696969697,0.1062483374109695,0.0311640000000039
0,3,COMPAS,0.15,0.6950757575757576,0.1252140290667396,0.0311480000000017
0,3,COMPAS,0.18,0.6865530303030303,0.1608861646365908,0.0309269999999912
0,3,COMPAS,0.21,0.6865530303030303,0.1640258820620225,0.0309110000000032
0,3,COMPAS,0.24,0.6875,0.2288996376960918,0.0311899999999951
0,3,COMPAS,0.2699999999999999,0.6875,0.2288996376960918,0.0313680000000147
0,4,COMPAS,0.0,0.6695075757575758,0.1847542097711998,0.0313409999999976
0,4,COMPAS,0.03,0.6515151515151515,0.0874877293664577,0.030744999999996
0,4,COMPAS,0.06,0.6571969696969697,0.0281054141810767,0.0305029999999959
0,4,COMPAS,0.09,0.6628787878787878,0.0099826323340632,0.03094999999999
0,4,COMPAS,0.12,0.6695075757575758,0.051400740013592,0.0310929999999842
0,4,COMPAS,0.15,0.6714015151515151,0.0740089103677414,0.0307310000000029
0,4,COMPAS,0.18,0.6742424242424242,0.0954919580155554,0.0309829999999919
0,4,COMPAS,0.21,0.6714015151515151,0.1431020161594804,0.0308780000000012
0,4,COMPAS,0.24,0.6723484848484849,0.1712451861360718,0.0308279999999854
0,4,COMPAS,0.2699999999999999,0.6723484848484849,0.1792192101487578,0.0309220000000038
0,5,COMPAS,0.0,0.6732954545454546,0.2010536341448895,0.0312689999999946
0,5,COMPAS,0.03,0.6619318181818182,0.0308351687600452,0.0307659999999998
0,5,COMPAS,0.06,0.6685606060606061,0.0473986546818263,0.0307940000000002
0,5,COMPAS,0.09,0.6676136363636364,0.0695874754449669,0.0306109999999932
0,5,COMPAS,0.12,0.6742424242424242,0.1237424846717066,0.0306860000000028
0,5,COMPAS,0.15,0.6770833333333334,0.138609441038157,0.0307450000000102
0,5,COMPAS,0.18,0.6770833333333334,0.138609441038157,0.0310550000000091
0,5,COMPAS,0.21,0.6770833333333334,0.138609441038157,0.0304299999999955
0,5,COMPAS,0.24,0.6770833333333334,0.138609441038157,0.0305359999999978
0,5,COMPAS,0.2699999999999999,0.6770833333333334,0.138609441038157,0.0311749999999904
0,6,COMPAS,0.0,0.6647727272727273,0.2505214084161452,0.0312140000000056
0,6,COMPAS,0.03,0.6609848484848485,0.0012268433321064,0.0317710000000062
0,6,COMPAS,0.06,0.665719696969697,0.0347196662986136,0.0309639999999973
0,6,COMPAS,0.09,0.665719696969697,0.0754508649245491,0.0311339999999944
0,6,COMPAS,0.12,0.665719696969697,0.0857563489142436,0.0317110000000013
0,6,COMPAS,0.15,0.6695075757575758,0.1232977548767022,0.0318760000000111
0,6,COMPAS,0.18,0.6695075757575758,0.1483253588516746,0.0311149999999997
0,6,COMPAS,0.21,0.6714015151515151,0.1750705434915961,0.0316250000000053
0,6,COMPAS,0.24,0.6685606060606061,0.2127346337872653,0.0315420000000017
0,6,COMPAS,0.2699999999999999,0.6695075757575758,0.2189915347810084,0.0313009999999991
0,7,COMPAS,0.0,0.6979166666666666,0.2251866783063509,0.0328429999999997
0,7,COMPAS,0.03,0.6770833333333334,0.0034731719014023,0.0310440000000085
0,7,COMPAS,0.06,0.6837121212121212,0.0297486352719901,0.0310070000000024
0,7,COMPAS,0.09,0.6856060606060606,0.040801339812591,0.0313309999999944
0,7,COMPAS,0.12,0.6865530303030303,0.0693772643994259,0.0309279999999887
0,7,COMPAS,0.15,0.6875,0.1017822954406657,0.0315110000000089
0,7,COMPAS,0.18,0.6875,0.127844198079452,0.0320740000000085
0,7,COMPAS,0.21,0.6875,0.127844198079452,0.0310190000000147
0,7,COMPAS,0.24,0.6875,0.127844198079452,0.0309769999999929
0,7,COMPAS,0.2699999999999999,0.6875,0.127844198079452,0.0308289999999828
0,8,COMPAS,0.0,0.6846590909090909,0.2456449403014288,0.031925000000001
0,8,COMPAS,0.03,0.678030303030303,0.0355543274268015,0.0312330000000002
0,8,COMPAS,0.06,0.6770833333333334,0.0492210977168318,0.0313610000000039
0,8,COMPAS,0.09,0.6818181818181818,0.0820236491543182,0.0315549999999973
0,8,COMPAS,0.12,0.6846590909090909,0.1211357120652136,0.0308670000000148
0,8,COMPAS,0.15,0.6884469696969697,0.1413077268488135,0.0307899999999961
0,8,COMPAS,0.18,0.6884469696969697,0.1413077268488135,0.0311970000000059
0,8,COMPAS,0.21,0.6884469696969697,0.1413077268488135,0.030491999999981
0,8,COMPAS,0.24,0.6884469696969697,0.1413077268488135,0.031373000000002
0,8,COMPAS,0.2699999999999999,0.6884469696969697,0.1413077268488135,0.0309699999999963
0,9,COMPAS,0.0,0.6922348484848485,0.2267932133166705,0.0310779999999937
0,9,COMPAS,0.03,0.6723484848484849,0.023744384773871,0.0311769999999995
0,9,COMPAS,0.06,0.6742424242424242,0.0525213631911372,0.0306190000000015
0,9,COMPAS,0.09,0.6799242424242424,0.1002803391089944,0.0307329999999979
0,9,COMPAS,0.12,0.6799242424242424,0.1374111978023215,0.0305480000000102
0,9,COMPAS,0.15,0.6865530303030303,0.1554587316062642,0.0308119999999973
0,9,COMPAS,0.18,0.6856060606060606,0.1912272998502606,0.0310580000000015
0,9,COMPAS,0.21,0.6931818181818182,0.2243951317818984,0.0308470000000085
0,9,COMPAS,0.24,0.6931818181818182,0.2243951317818984,0.0307010000000076
0,9,COMPAS,0.2699999999999999,0.6931818181818182,0.2243951317818984,0.0305780000000055
0,10,COMPAS,0.0,0.6666666666666666,0.2842626910423521,0.0310649999999981
0,10,COMPAS,0.03,0.6543560606060606,0.0213634281430891,0.031279000000012
0,10,COMPAS,0.06,0.65625,0.0471827759963353,0.0309900000000027
0,10,COMPAS,0.09,0.6571969696969697,0.061633281972265,0.0308809999999937
0,10,COMPAS,0.12,0.6619318181818182,0.118810644234373,0.0309200000000089
0,10,COMPAS,0.15,0.665719696969697,0.1566234956065464,0.0309280000000029
0,10,COMPAS,0.18,0.665719696969697,0.166784658310082,0.0311489999999992
0,10,COMPAS,0.21,0.665719696969697,0.166784658310082,0.030744999999996
0,10,COMPAS,0.24,0.665719696969697,0.166784658310082,0.0309820000000229
0,10,COMPAS,0.2699999999999999,0.665719696969697,0.166784658310082,0.0306929999999994
0,11,COMPAS,0.0,0.6477272727272727,0.3036331498181737,0.0312990000000041
0,11,COMPAS,0.03,0.6392045454545454,0.035509620472636,0.0307329999999979
0,11,COMPAS,0.06,0.6382575757575758,0.069611916100922,0.0315930000000008
0,11,COMPAS,0.09,0.6392045454545454,0.0807691874669278,0.0317340000000001
0,11,COMPAS,0.12,0.6392045454545454,0.0807691874669278,0.0312289999999961
0,11,COMPAS,0.15,0.6477272727272727,0.1547044054896927,0.0319329999999951
0,11,COMPAS,0.18,0.6515151515151515,0.1761858119138492,0.0314029999999974
0,11,COMPAS,0.21,0.6486742424242424,0.226770696119161,0.0316210000000012
0,11,COMPAS,0.24,0.6448863636363636,0.2599385280507987,0.0316030000000182
0,11,COMPAS,0.2699999999999999,0.6439393939393939,0.2710957994168045,0.0319079999999871
0,12,COMPAS,0.0,0.6770833333333334,0.2776058098696351,0.0313190000000105
0,12,COMPAS,0.03,0.6553030303030303,0.0262664444312161,0.030821000000003
0,12,COMPAS,0.06,0.6600378787878788,0.0661944163343056,0.0310520000000167
0,12,COMPAS,0.09,0.6609848484848485,0.1016578367759986,0.0311690000000055
0,12,COMPAS,0.12,0.6676136363636364,0.1393535329483898,0.0307360000000045
0,12,COMPAS,0.15,0.6676136363636364,0.1440264301446515,0.0310290000000037
0,12,COMPAS,0.18,0.678030303030303,0.185115185427704,0.0308879999999902
0,12,COMPAS,0.21,0.6827651515151515,0.2226025358652301,0.0311860000000052
0,12,COMPAS,0.24,0.6799242424242424,0.2571135186618252,0.0314610000000072
0,12,COMPAS,0.2699999999999999,0.6799242424242424,0.2720846478957081,0.031374999999997
0,13,COMPAS,0.0,0.6723484848484849,0.2358521696089754,0.0310549999999949
0,13,COMPAS,0.03,0.6732954545454546,0.0079194852334598,0.0312649999999905
0,13,COMPAS,0.06,0.678030303030303,0.0563438376505527,0.0317039999999906
0,13,COMPAS,0.09,0.6799242424242424,0.0878567893086949,0.0313129999999972
0,13,COMPAS,0.12,0.6742424242424242,0.127454215475994,0.0311609999999973
0,13,COMPAS,0.15,0.6742424242424242,0.1647417917835341,0.0313680000000005
0,13,COMPAS,0.18,0.6732954545454546,0.1758785678930869,0.0310869999999994
0,13,COMPAS,0.21,0.6732954545454546,0.1854479458835175,0.0318730000000044
0,13,COMPAS,0.24,0.6732954545454546,0.1854479458835175,0.0310959999999909
0,13,COMPAS,0.2699999999999999,0.6732954545454546,0.1854479458835175,0.0308749999999804
0,14,COMPAS,0.0,0.678030303030303,0.2509854262629314,0.0540629999999993
0,14,COMPAS,0.03,0.6695075757575758,0.0412217775428528,0.0308670000000006
0,14,COMPAS,0.06,0.6723484848484849,0.0915049460092124,0.0305999999999926
0,14,COMPAS,0.09,0.6714015151515151,0.0939439703994563,0.030863999999994
0,14,COMPAS,0.12,0.6714015151515151,0.0939439703994563,0.0307200000000023
0,14,COMPAS,0.15,0.6799242424242424,0.1650532356716756,0.0307949999999976
0,14,COMPAS,0.18,0.6799242424242424,0.2031412821868157,0.0310610000000082
0,14,COMPAS,0.21,0.6789772727272727,0.2215283546024314,0.0308550000000025
0,14,COMPAS,0.24,0.6789772727272727,0.2215283546024314,0.0308330000000012
0,14,COMPAS,0.2699999999999999,0.6789772727272727,0.2215283546024314,0.0309520000000134
0,15,COMPAS,0.0,0.7035984848484849,0.2505807320403239,0.031066999999993
0,15,COMPAS,0.03,0.6818181818181818,0.0364486505695101,0.0307200000000023
0,15,COMPAS,0.06,0.6903409090909091,0.0712776104887126,0.0308040000000033
0,15,COMPAS,0.09,0.6893939393939394,0.0965530140086408,0.0309490000000067
0,15,COMPAS,0.12,0.6903409090909091,0.1076290048067032,0.0307639999999906
0,15,COMPAS,0.15,0.6903409090909091,0.1281799988778125,0.0310849999999902
0,15,COMPAS,0.18,0.6979166666666666,0.1660800119700002,0.0305590000000108
0,15,COMPAS,0.21,0.6979166666666666,0.185030018516094,0.0306489999999826
0,15,COMPAS,0.24,0.6979166666666666,0.185030018516094,0.0309660000000064
0,15,COMPAS,0.2699999999999999,0.6979166666666666,0.185030018516094,0.0308040000000033
0,16,COMPAS,0.0,0.6799242424242424,0.2047923322683706,0.0311050000000108
0,16,COMPAS,0.03,0.6647727272727273,0.0446764246972286,0.030729000000008
0,16,COMPAS,0.06,0.6647727272727273,0.0689427149119548,0.0307960000000093
0,16,COMPAS,0.09,0.6695075757575758,0.1048369121034252,0.0309359999999969
0,16,COMPAS,0.12,0.6714015151515151,0.1330262278029571,0.0306900000000069
0,16,COMPAS,0.15,0.6751893939393939,0.160487406196597,0.0311420000000026
0,16,COMPAS,0.18,0.6751893939393939,0.1904153354632587,0.0313229999999862
0,16,COMPAS,0.21,0.6751893939393939,0.1904153354632587,0.0307829999999995
0,16,COMPAS,0.24,0.6751893939393939,0.1904153354632587,0.0307860000000061
0,16,COMPAS,0.2699999999999999,0.6751893939393939,0.1904153354632587,0.0307289999999937
0,17,COMPAS,0.0,0.6827651515151515,0.2546720575022462,0.0312209999999879
0,17,COMPAS,0.03,0.6827651515151515,0.0475741239892183,0.0313040000000057
0,17,COMPAS,0.06,0.6837121212121212,0.0838274932614555,0.0312370000000044
0,17,COMPAS,0.09,0.6893939393939394,0.1090745732255166,0.0309979999999967
0,17,COMPAS,0.12,0.6941287878787878,0.1272686433063791,0.0312999999999874
0,17,COMPAS,0.15,0.696969696969697,0.1439353099730458,0.0313900000000018
0,17,COMPAS,0.18,0.6960227272727273,0.158984725965858,0.0311480000000017
0,17,COMPAS,0.21,0.6960227272727273,0.158984725965858,0.0311609999999973
0,17,COMPAS,0.24,0.6960227272727273,0.158984725965858,0.030813000000009
0,17,COMPAS,0.2699999999999999,0.6960227272727273,0.158984725965858,0.0307209999999997
0,18,COMPAS,0.0,0.6543560606060606,0.2877439024390243,0.0314319999999952
0,18,COMPAS,0.03,0.6685606060606061,0.0721951219512195,0.0311570000000074
0,18,COMPAS,0.06,0.6676136363636364,0.0746951219512195,0.0308569999999974
0,18,COMPAS,0.09,0.6723484848484849,0.1153658536585366,0.0309610000000049
0,18,COMPAS,0.12,0.6666666666666666,0.1403658536585366,0.0308129999999948
0,18,COMPAS,0.15,0.6676136363636364,0.156890243902439,0.0309769999999929
0,18,COMPAS,0.18,0.6647727272727273,0.1804878048780488,0.030902999999995
0,18,COMPAS,0.21,0.65625,0.210060975609756,0.0307510000000093
0,18,COMPAS,0.24,0.6581439393939394,0.2364024390243902,0.0305800000000004
0,18,COMPAS,0.2699999999999999,0.6600378787878788,0.2554268292682927,0.0311099999999981
0,19,COMPAS,0.0,0.6571969696969697,0.2077800841268272,0.0307669999999973
0,19,COMPAS,0.03,0.6619318181818182,0.0040196369147639,0.0307669999999973
0,19,COMPAS,0.06,0.6609848484848485,0.0211415329533348,0.0306860000000028
0,19,COMPAS,0.09,0.6609848484848485,0.0570327172086587,0.0310500000000075
0,19,COMPAS,0.12,0.6590909090909091,0.0780095109441753,0.0306369999999986
0,19,COMPAS,0.15,0.6590909090909091,0.0780095109441753,0.0310620000000056
0,19,COMPAS,0.18,0.6590909090909091,0.0780095109441753,0.0310109999999923
0,19,COMPAS,0.21,0.6581439393939394,0.1680120369455152,0.030979000000002
0,19,COMPAS,0.24,0.6581439393939394,0.1751946668423885,0.0307299999999912
0,19,COMPAS,0.2699999999999999,0.6581439393939394,0.1751946668423885,0.030594999999991
0,20,COMPAS,0.0,0.6846590909090909,0.2377766399271775,0.031123000000008
0,20,COMPAS,0.03,0.6723484848484849,0.0381179951072424,0.031060999999994
0,20,COMPAS,0.06,0.6770833333333334,0.0526028332479945,0.0312679999999971
0,20,COMPAS,0.09,0.6789772727272727,0.0962735392842919,0.0315980000000024
0,20,COMPAS,0.12,0.6808712121212122,0.1339136371394436,0.0309980000000109
0,20,COMPAS,0.15,0.6827651515151515,0.1437901803493201,0.031168000000008
0,20,COMPAS,0.18,0.6837121212121212,0.1641463275871877,0.031168000000008
0,20,COMPAS,0.21,0.6856060606060606,0.2023325937304431,0.030737000000002
0,20,COMPAS,0.24,0.6856060606060606,0.2023325937304431,0.0313229999999862
0,20,COMPAS,0.2699999999999999,0.6856060606060606,0.2023325937304431,0.0313400000000001
0,21,COMPAS,0.0,0.6856060606060606,0.2992220949164806,0.0313179999999988
0,21,COMPAS,0.03,0.6789772727272727,0.061011276608575,0.0308579999999949
0,21,COMPAS,0.06,0.6846590909090909,0.0862479647832117,0.0311650000000014
0,21,COMPAS,0.09,0.6837121212121212,0.112555026231683,0.03115200000002
0,21,COMPAS,0.12,0.6837121212121212,0.1315805342820961,0.0310690000000022
0,21,COMPAS,0.15,0.6856060606060606,0.1611891696315504,0.0315639999999888
0,21,COMPAS,0.18,0.6865530303030303,0.1826418621479829,0.0307180000000073
0,21,COMPAS,0.21,0.6865530303030303,0.1826418621479829,0.0313299999999969
0,21,COMPAS,0.24,0.6865530303030303,0.1826418621479829,0.0318990000000098
0,21,COMPAS,0.2699999999999999,0.6865530303030303,0.1826418621479829,0.0314449999999908
0,22,COMPAS,0.0,0.6732954545454546,0.2075123519257098,0.0312440000000009
0,22,COMPAS,0.03,0.6647727272727273,0.0760610750639919,0.0306700000000006
0,22,COMPAS,0.06,0.6647727272727273,0.0839186856360497,0.0305839999999903
0,22,COMPAS,0.09,0.6619318181818182,0.1242633490088696,0.0306640000000015
0,22,COMPAS,0.12,0.6666666666666666,0.1454997321269123,0.0314270000000078
0,22,COMPAS,0.15,0.6685606060606061,0.1806506339663075,0.0315290000000061
0,22,COMPAS,0.18,0.6714015151515151,0.1901006012262635,0.0309060000000016
0,22,COMPAS,0.21,0.6732954545454546,0.2075123519257098,0.0308430000000043
0,22,COMPAS,0.24,0.6732954545454546,0.2075123519257098,0.0311420000000026
0,22,COMPAS,0.2699999999999999,0.6732954545454546,0.2075123519257098,0.0313110000000023
0,23,COMPAS,0.0,0.6799242424242424,0.2806449216137899,0.0313569999999998
0,23,COMPAS,0.03,0.6732954545454546,0.0600861876811055,0.0310989999999975
0,23,COMPAS,0.06,0.6723484848484849,0.0812987591945909,0.0313209999999912
0,23,COMPAS,0.09,0.6695075757575758,0.1093469054164499,0.030947999999995
0,23,COMPAS,0.12,0.6732954545454546,0.1392748346831116,0.0311710000000005
0,23,COMPAS,0.15,0.6714015151515151,0.1795155657924065,0.0306489999999968
0,23,COMPAS,0.18,0.6770833333333334,0.2094434950590682,0.031162000000009
0,23,COMPAS,0.21,0.6770833333333334,0.2422839735492978,0.0311610000000115
0,23,COMPAS,0.24,0.6761363636363636,0.2649528196745672,0.0311659999999847
0,23,COMPAS,0.2699999999999999,0.6761363636363636,0.2649528196745672,0.0310810000000003
0,24,COMPAS,0.0,0.6581439393939394,0.3354261089233969,0.0313240000000121
0,24,COMPAS,0.03,0.6581439393939394,0.0831785422393937,0.0313649999999938
0,24,COMPAS,0.06,0.6676136363636364,0.105988557842336,0.0309060000000016
0,24,COMPAS,0.09,0.6714015151515151,0.1270599598781484,0.03085200000001
0,24,COMPAS,0.12,0.6685606060606061,0.1593134705401589,0.030926000000008
0,24,COMPAS,0.15,0.6723484848484849,0.1875027862396909,0.0310190000000005
0,24,COMPAS,0.18,0.6732954545454546,0.2263095326547291,0.0309140000000098
0,24,COMPAS,0.21,0.6704545454545454,0.2443272159893008,0.0311410000000051
0,24,COMPAS,0.24,0.6704545454545454,0.2443272159893008,0.0311499999999966
0,24,COMPAS,0.2699999999999999,0.6704545454545454,0.2443272159893008,0.0310989999999975
0,25,COMPAS,0.0,0.6647727272727273,0.2391381766381766,0.030869000000024
0,25,COMPAS,0.03,0.6666666666666666,0.0404202279202279,0.0303440000000136
0,25,COMPAS,0.06,0.6695075757575758,0.0733618233618233,0.0308449999999993
0,25,COMPAS,0.09,0.6676136363636364,0.1036324786324786,0.0305040000000076
0,25,COMPAS,0.12,0.6666666666666666,0.131588319088319,0.0314329999999927
0,25,COMPAS,0.15,0.6666666666666666,0.131588319088319,0.0308039999999891
0,25,COMPAS,0.18,0.6666666666666666,0.131588319088319,0.0304090000000201
0,25,COMPAS,0.21,0.6666666666666666,0.131588319088319,0.0305239999999855
0,25,COMPAS,0.24,0.6647727272727273,0.2273860398860398,0.0304760000000214
0,25,COMPAS,0.2699999999999999,0.6647727272727273,0.2391381766381766,0.0310340000000053
0,26,COMPAS,0.0,0.6808712121212122,0.2688999345199119,0.0485079999999982
0,26,COMPAS,0.03,0.6789772727272727,0.1048425501517947,0.0482030000000008
0,26,COMPAS,0.06,0.6808712121212122,0.1385052681707244,0.0308059999999841
0,26,COMPAS,0.09,0.678030303030303,0.1558128460027382,0.0307469999999909
0,26,COMPAS,0.12,0.6818181818181818,0.1700398833263884,0.0304529999999942
0,26,COMPAS,0.15,0.6865530303030303,0.2028543365676528,0.0308589999999924
0,26,COMPAS,0.18,0.6865530303030303,0.2028543365676528,0.0309619999999881
0,26,COMPAS,0.21,0.6865530303030303,0.2028543365676528,0.0312059999999974
0,26,COMPAS,0.24,0.6799242424242424,0.2572176915292577,0.0310110000000349
0,26,COMPAS,0.2699999999999999,0.6799242424242424,0.2572176915292577,0.0313979999999958
0,27,COMPAS,0.0,0.6941287878787878,0.2658131176999101,0.0313629999999989
0,27,COMPAS,0.03,0.6903409090909091,0.0446091644204851,0.031121000000013
0,27,COMPAS,0.06,0.6960227272727273,0.0770440251572327,0.0318890000000351
0,27,COMPAS,0.09,0.6988636363636364,0.1007187780772686,0.0309090000000082
0,27,COMPAS,0.12,0.6979166666666666,0.1205300988319856,0.0314009999999882
0,27,COMPAS,0.15,0.6998106060606061,0.1378706199460916,0.0314349999999876
0,27,COMPAS,0.18,0.6998106060606061,0.1378706199460916,0.031341999999995
0,27,COMPAS,0.21,0.6903409090909091,0.2018418688230009,0.0315200000000004
0,27,COMPAS,0.24,0.6903409090909091,0.2018418688230009,0.0317749999999819
0,27,COMPAS,0.2699999999999999,0.6903409090909091,0.2018418688230009,0.0316580000000215
0,28,COMPAS,0.0,0.6742424242424242,0.2288070295019781,0.031328000000002
0,28,COMPAS,0.03,0.65625,0.0070828455850756,0.0306779999999946
0,28,COMPAS,0.06,0.65625,0.0070828455850756,0.0312269999999728
0,28,COMPAS,0.09,0.6695075757575758,0.0923733459777438,0.0306589999999857
0,28,COMPAS,0.12,0.6799242424242424,0.1337961385155659,0.0310309999999844
0,28,COMPAS,0.15,0.6799242424242424,0.1505697393572095,0.0308559999999999
0,28,COMPAS,0.18,0.6799242424242424,0.1825610858387541,0.0305319999999937
0,28,COMPAS,0.21,0.6770833333333334,0.2129447152784981,0.0307380000000137
0,28,COMPAS,0.24,0.6770833333333334,0.2129447152784981,0.0315069999999764
0,28,COMPAS,0.2699999999999999,0.6770833333333334,0.2129447152784981,0.0306789999999921
0,29,COMPAS,0.0,0.6808712121212122,0.1773474801061008,0.0311449999999808
0,29,COMPAS,0.03,0.6761363636363636,0.0621295945433876,0.0306109999999648
0,29,COMPAS,0.06,0.6789772727272727,0.0387343690791966,0.0310559999999782
0,29,COMPAS,0.09,0.6789772727272727,0.0174990526714665,0.0308839999999861
0,29,COMPAS,0.12,0.6827651515151515,0.0105115574081091,0.0308969999999817
0,29,COMPAS,0.15,0.6761363636363636,0.0409852216748768,0.0307410000000061
0,29,COMPAS,0.18,0.6732954545454546,0.0754604016672982,0.0306289999999762
0,29,COMPAS,0.21,0.6732954545454546,0.0754604016672982,0.0312749999999937
0,29,COMPAS,0.24,0.6732954545454546,0.0754604016672982,0.0310479999999984
0,29,COMPAS,0.2699999999999999,0.6827651515151515,0.1576430466085638,0.0306500000000085
0,30,COMPAS,0.0,0.6846590909090909,0.3069924820454215,0.0307610000000124
0,30,COMPAS,0.03,0.6609848484848485,0.0742944214760288,0.0302039999999976
0,30,COMPAS,0.06,0.6704545454545454,0.116085733812869,0.0301510000000178
0,30,COMPAS,0.09,0.6751893939393939,0.1665602276674173,0.0303730000000257
0,30,COMPAS,0.12,0.6789772727272727,0.1989176834392121,0.0304429999999911
0,30,COMPAS,0.15,0.6856060606060606,0.2312639351058227,0.0304749999999955
0,30,COMPAS,0.18,0.6846590909090909,0.2407314039864206,0.0302389999999945
0,30,COMPAS,0.21,0.6827651515151515,0.2580977670218368,0.0305479999999818
0,30,COMPAS,0.24,0.6827651515151515,0.2580977670218368,0.030584000000033
0,30,COMPAS,0.2699999999999999,0.6827651515151515,0.2580977670218368,0.030411000000015
0,31,COMPAS,0.0,0.678030303030303,0.2974747474747474,0.0313920000000109
0,31,COMPAS,0.03,0.6714015151515151,0.0484848484848485,0.030508999999995
0,31,COMPAS,0.06,0.6638257575757576,0.0828282828282828,0.0307000000000243
0,31,COMPAS,0.09,0.6685606060606061,0.1075757575757575,0.0311599999999998
0,31,COMPAS,0.12,0.6751893939393939,0.1303030303030303,0.030540000000002
0,31,COMPAS,0.15,0.6751893939393939,0.1494949494949494,0.0306580000000167
0,31,COMPAS,0.18,0.6695075757575758,0.1757575757575757,0.031027999999992
0,31,COMPAS,0.21,0.6770833333333334,0.2282828282828282,0.0306520000000318
0,31,COMPAS,0.24,0.678030303030303,0.245959595959596,0.0306289999999762
0,31,COMPAS,0.2699999999999999,0.6808712121212122,0.2767676767676768,0.031248000000005
0,32,COMPAS,0.0,0.6685606060606061,0.2475468615939123,0.0312409999999658
0,32,COMPAS,0.03,0.6695075757575758,0.0220904223631806,0.0309920000000261
0,32,COMPAS,0.06,0.6666666666666666,0.0323900443232185,0.0308570000000258
0,32,COMPAS,0.09,0.6676136363636364,0.0474629359729939,0.0309829999999919
0,32,COMPAS,0.12,0.6676136363636364,0.0807484366979764,0.0312550000000158
0,32,COMPAS,0.15,0.6676136363636364,0.0855217063877138,0.031230000000022
0,32,COMPAS,0.18,0.6676136363636364,0.0855217063877138,0.0311009999999782
0,32,COMPAS,0.21,0.6676136363636364,0.0855217063877138,0.0310959999999909
0,32,COMPAS,0.24,0.6676136363636364,0.0855217063877138,0.0313530000000241
0,32,COMPAS,0.2699999999999999,0.6676136363636364,0.0855217063877138,0.0308200000000056
0,33,COMPAS,0.0,0.6685606060606061,0.2546611423498076,0.0313510000000292
0,33,COMPAS,0.03,0.6714015151515151,0.0444658182894347,0.0304700000000082
0,33,COMPAS,0.06,0.6742424242424242,0.0919502811482687,0.0303440000000136
0,33,COMPAS,0.09,0.6751893939393939,0.1117342408996744,0.0314360000000135
0,33,COMPAS,0.12,0.6761363636363636,0.1333826575910032,0.0306410000000028
0,33,COMPAS,0.15,0.678030303030303,0.1699023379698135,0.031232000000017
0,33,COMPAS,0.18,0.6742424242424242,0.1972477064220183,0.0311470000000042
0,33,COMPAS,0.21,0.6704545454545454,0.2234092926901449,0.0308059999999841
0,33,COMPAS,0.24,0.6685606060606061,0.2507546611423498,0.0306680000000199
0,33,COMPAS,0.2699999999999999,0.6685606060606061,0.2507546611423498,0.0310029999999983
0,34,COMPAS,0.0,0.6998106060606061,0.2072534072534072,0.0311190000000181
0,34,COMPAS,0.03,0.6893939393939394,0.0765303765303765,0.0307569999999941
0,34,COMPAS,0.06,0.6893939393939394,0.0765303765303765,0.0308270000000163
0,34,COMPAS,0.09,0.6912878787878788,0.1161238161238161,0.0306140000000141
0,34,COMPAS,0.12,0.6931818181818182,0.1619080619080619,0.0308400000000119
0,34,COMPAS,0.15,0.6922348484848485,0.1756063756063756,0.030869999999993
0,34,COMPAS,0.18,0.6922348484848485,0.1756063756063756,0.030774000000008
0,34,COMPAS,0.21,0.6922348484848485,0.1756063756063756,0.031234999999981
0,34,COMPAS,0.24,0.6922348484848485,0.1756063756063756,0.0306249999999863
0,34,COMPAS,0.2699999999999999,0.6922348484848485,0.1756063756063756,0.0306449999999927
0,35,COMPAS,0.0,0.6808712121212122,0.2123908878007239,0.0312469999999791
0,35,COMPAS,0.03,0.6723484848484849,0.019118586331701,0.0308700000000214
0,35,COMPAS,0.06,0.6751893939393939,0.0402810304449648,0.0305699999999831
0,35,COMPAS,0.09,0.6751893939393939,0.0770704705130934,0.0308600000000183
0,35,COMPAS,0.12,0.6704545454545454,0.1172237598467106,0.0312129999999797
0,35,COMPAS,0.15,0.6742424242424242,0.1514583776878859,0.0308039999999891
0,35,COMPAS,0.18,0.6742424242424242,0.1514583776878859,0.0308740000000113
0,35,COMPAS,0.21,0.6742424242424242,0.1514583776878859,0.030507
0,35,COMPAS,0.24,0.6742424242424242,0.1514583776878859,0.0307650000000023
0,35,COMPAS,0.2699999999999999,0.6742424242424242,0.1514583776878859,0.0308339999999986
0,36,COMPAS,0.0,0.6723484848484849,0.2439133698587162,0.0304569999999841
0,36,COMPAS,0.03,0.6666666666666666,0.0124141485440265,0.0302019999999743
0,36,COMPAS,0.06,0.6704545454545454,0.0301614511557034,0.0305240000000139
0,36,COMPAS,0.09,0.6704545454545454,0.0467211186178616,0.0307140000000174
0,36,COMPAS,0.12,0.6704545454545454,0.0546088086674957,0.0303969999999935
0,36,COMPAS,0.15,0.6704545454545454,0.0546088086674957,0.0307990000000017
0,36,COMPAS,0.18,0.6666666666666666,0.1429643821496196,0.0306799999999896
0,36,COMPAS,0.21,0.6666666666666666,0.1563644919498504,0.0307710000000156
0,36,COMPAS,0.24,0.6666666666666666,0.2028839366743974,0.0311710000000289
0,36,COMPAS,0.2699999999999999,0.6714015151515151,0.2383897460029354,0.0308829999999886
0,37,COMPAS,0.0,0.6742424242424242,0.1381578947368421,0.0309550000000058
0,37,COMPAS,0.03,0.6619318181818182,0.106437969924812,0.0305619999999748
0,37,COMPAS,0.06,0.6666666666666666,0.0276080827067669,0.0310180000000173
0,37,COMPAS,0.09,0.6666666666666666,0.0010573308270676,0.0306790000000205
0,37,COMPAS,0.12,0.6742424242424242,0.0266682330827067,0.0307549999999992
0,37,COMPAS,0.15,0.6742424242424242,0.0266682330827067,0.0305820000000096
0,37,COMPAS,0.18,0.6751893939393939,0.0998590225563909,0.0307239999999922
0,37,COMPAS,0.21,0.6751893939393939,0.1120770676691729,0.0305009999999867
0,37,COMPAS,0.24,0.6751893939393939,0.1120770676691729,0.0305919999999844
0,37,COMPAS,0.2699999999999999,0.6751893939393939,0.1120770676691729,0.0304650000000208
0,38,COMPAS,0.0,0.6524621212121212,0.2063777262180974,0.0304230000000131
0,38,COMPAS,0.03,0.6392045454545454,0.0038867749419953,0.0304399999999986
0,38,COMPAS,0.06,0.6335227272727273,0.0566088167053364,0.0305639999999982
0,38,COMPAS,0.09,0.6354166666666666,0.0612491879350348,0.0304619999999999
0,38,COMPAS,0.12,0.6354166666666666,0.0612491879350348,0.0304759999999646
0,38,COMPAS,0.15,0.646780303030303,0.1500547563805104,0.030191000000002
0,38,COMPAS,0.18,0.6496212121212122,0.1626951276102088,0.0303870000000188
0,38,COMPAS,0.21,0.6534090909090909,0.200137354988399,0.030883000000017
0,38,COMPAS,0.24,0.6534090909090909,0.200137354988399,0.0302279999999939
0,38,COMPAS,0.2699999999999999,0.6534090909090909,0.200137354988399,0.0309880000000077
0,39,COMPAS,0.0,0.6875,0.2592542677448338,0.0309110000000032
0,39,COMPAS,0.03,0.6723484848484849,0.0639263252470799,0.0304259999999771
0,39,COMPAS,0.06,0.6723484848484849,0.0639263252470799,0.0304500000000018
0,39,COMPAS,0.09,0.6723484848484849,0.0639263252470799,0.0303150000000016
0,39,COMPAS,0.12,0.6837121212121212,0.1573674752920036,0.0306019999999875
0,39,COMPAS,0.15,0.6856060606060606,0.1921383647798742,0.0306240000000173
0,39,COMPAS,0.18,0.6865530303030303,0.2166217430368374,0.030854000000005
0,39,COMPAS,0.21,0.6865530303030303,0.2316262353998203,0.0304869999999937
0,39,COMPAS,0.24,0.6875,0.2394878706199461,0.0305950000000052
0,39,COMPAS,0.2699999999999999,0.6875,0.2394878706199461,0.0304959999999994
0,40,COMPAS,0.0,0.6723484848484849,0.2604462982887968,0.0307339999999953
0,40,COMPAS,0.03,0.6543560606060606,0.0108479372706236,0.0305730000000039
0,40,COMPAS,0.06,0.6628787878787878,0.0465237961884829,0.0305269999999779
0,40,COMPAS,0.09,0.665719696969697,0.0818164399310212,0.0305520000000001
0,40,COMPAS,0.12,0.6695075757575758,0.0889648768552773,0.0306030000000134
0,40,COMPAS,0.15,0.6685606060606061,0.1469703892581838,0.0305240000000139
0,40,COMPAS,0.18,0.6685606060606061,0.161901042050496,0.0308420000000069
0,40,COMPAS,0.21,0.6685606060606061,0.161901042050496,0.030475999999993
0,40,COMPAS,0.24,0.6751893939393939,0.2244314413312305,0.0304429999999911
0,40,COMPAS,0.2699999999999999,0.6742424242424242,0.2364658717408286,0.0305769999999938
0,41,COMPAS,0.0,0.6524621212121212,0.211826514643416,0.0308440000000018
0,41,COMPAS,0.03,0.6354166666666666,0.0137044489157165,0.0306290000000046
0,41,COMPAS,0.06,0.6335227272727273,0.050637156270959,0.0300859999999829
0,41,COMPAS,0.09,0.6373106060606061,0.0710708696624189,0.03041300000001
0,41,COMPAS,0.12,0.6363636363636364,0.0812877263581489,0.0303279999999972
0,41,COMPAS,0.15,0.6363636363636364,0.0812877263581489,0.0301840000000197
0,41,COMPAS,0.18,0.6486742424242424,0.1529398613905656,0.0303049999999984
0,41,COMPAS,0.21,0.6486742424242424,0.1529398613905656,0.030255000000011
0,41,COMPAS,0.24,0.6486742424242424,0.1529398613905656,0.0302470000000028
0,41,COMPAS,0.2699999999999999,0.6486742424242424,0.1529398613905656,0.030317999999994
0,42,COMPAS,0.0,0.6732954545454546,0.2365387729280498,0.0307850000000087
0,42,COMPAS,0.03,0.6534090909090909,0.0197093677864429,0.0305649999999957
0,42,COMPAS,0.06,0.6534090909090909,0.0197093677864429,0.0307960000000093
0,42,COMPAS,0.09,0.6571969696969697,0.0465132042220373,0.0312020000000075
0,42,COMPAS,0.12,0.6619318181818182,0.0674388742238071,0.0312380000000018
0,42,COMPAS,0.15,0.6685606060606061,0.0968297063929296,0.0310320000000103
0,42,COMPAS,0.18,0.6685606060606061,0.1369488512910502,0.0307239999999922
0,42,COMPAS,0.21,0.6723484848484849,0.1639183759541194,0.0306319999999971
0,42,COMPAS,0.24,0.6723484848484849,0.1639183759541194,0.0307300000000054
0,42,COMPAS,0.2699999999999999,0.6723484848484849,0.1639183759541194,0.0308190000000081
0,43,COMPAS,0.0,0.6742424242424242,0.2885290791118519,0.0313899999999875
0,43,COMPAS,0.03,0.6553030303030303,0.0393178165366986,0.0326180000000135
0,43,COMPAS,0.06,0.6628787878787878,0.0616108101672718,0.030508999999995
0,43,COMPAS,0.09,0.6704545454545454,0.0960176200964343,0.0311499999999966
0,43,COMPAS,0.12,0.6704545454545454,0.1525090779213048,0.0305150000000082
0,43,COMPAS,0.15,0.6714015151515151,0.1698166557533187,0.0306250000000147
0,43,COMPAS,0.18,0.6742424242424242,0.1932853146020596,0.0303600000000017
0,43,COMPAS,0.21,0.6742424242424242,0.1932853146020596,0.0302739999999914
0,43,COMPAS,0.24,0.6723484848484849,0.2492410262515626,0.0307589999999891
0,43,COMPAS,0.2699999999999999,0.6732954545454546,0.2861926305137211,0.0304749999999955
0,44,COMPAS,0.0,0.6638257575757576,0.239400003740625,0.0305500000000051
0,44,COMPAS,0.03,0.6496212121212122,0.0774720855855013,0.0302619999999933
0,44,COMPAS,0.06,0.6496212121212122,0.0774720855855013,0.0302099999999825
0,44,COMPAS,0.09,0.6534090909090909,0.1327734864495857,0.0301919999999995
0,44,COMPAS,0.12,0.6581439393939394,0.1548992836703013,0.030146000000002
0,44,COMPAS,0.15,0.6581439393939394,0.1548992836703013,0.0303100000000142
0,44,COMPAS,0.18,0.6581439393939394,0.1548992836703013,0.0305650000000241
0,44,COMPAS,0.21,0.6581439393939394,0.1548992836703013,0.0305270000000064
0,44,COMPAS,0.24,0.6581439393939394,0.1548992836703013,0.0302340000000072
0,44,COMPAS,0.2699999999999999,0.6581439393939394,0.1548992836703013,0.0301139999999691
0,45,COMPAS,0.0,0.6581439393939394,0.261336032388664,0.0307210000000281
0,45,COMPAS,0.03,0.6448863636363636,0.0386016817190906,0.030337999999972
0,45,COMPAS,0.06,0.6647727272727273,0.0579258797882279,0.0303370000000029
0,45,COMPAS,0.09,0.665719696969697,0.0898318280909373,0.0308980000000076
0,45,COMPAS,0.12,0.6590909090909091,0.1230457801308003,0.0305199999999956
0,45,COMPAS,0.15,0.6600378787878788,0.1297882279663656,0.0306970000000035
0,45,COMPAS,0.18,0.6600378787878788,0.1297882279663656,0.0306119999999907
0,45,COMPAS,0.21,0.6600378787878788,0.1297882279663656,0.0306899999999927
0,45,COMPAS,0.24,0.6590909090909091,0.2587044534412956,0.0305439999999634
0,45,COMPAS,0.2699999999999999,0.6581439393939394,0.261336032388664,0.0306789999999921
0,46,COMPAS,0.0,0.6704545454545454,0.2145685530440521,0.0310719999999946
0,46,COMPAS,0.03,0.6373106060606061,0.0151790133641313,0.0307339999999953
0,46,COMPAS,0.06,0.6410984848484849,0.0054446460980036,0.030618000000004
0,46,COMPAS,0.09,0.6401515151515151,0.0078369905956112,0.0305960000000027
0,46,COMPAS,0.12,0.6439393939393939,0.0545289556178848,0.030397999999991
0,46,COMPAS,0.15,0.6515151515151515,0.0911565748226365,0.0305429999999944
0,46,COMPAS,0.18,0.6638257575757576,0.1442006269592476,0.0304959999999994
0,46,COMPAS,0.21,0.6676136363636364,0.188417752846065,0.0305800000000147
0,46,COMPAS,0.24,0.6704545454545454,0.2145685530440521,0.0306319999999971
0,46,COMPAS,0.2699999999999999,0.6704545454545454,0.2145685530440521,0.0303919999999777
0,47,COMPAS,0.0,0.678030303030303,0.1805500139834063,0.0306599999999832
0,47,COMPAS,0.03,0.6628787878787878,0.0187377645194369,0.0304320000000188
0,47,COMPAS,0.06,0.6647727272727273,0.006059476088375,0.0299899999999979
0,47,COMPAS,0.09,0.6647727272727273,0.006059476088375,0.0303110000000117
0,47,COMPAS,0.12,0.6676136363636364,0.0466188123426866,0.0301969999999869
0,47,COMPAS,0.15,0.6770833333333334,0.0820583574158665,0.030066000000005
0,47,COMPAS,0.18,0.6770833333333334,0.0820583574158665,0.0300259999999923
0,47,COMPAS,0.21,0.6723484848484849,0.1356017525869302,0.0297529999999994
0,47,COMPAS,0.24,0.6723484848484849,0.1356017525869302,0.0305109999999899
0,47,COMPAS,0.2699999999999999,0.6723484848484849,0.1356017525869302,0.0303049999999984
0,48,COMPAS,0.0,0.6666666666666666,0.1880410999799714,0.0297640000000001
0,48,COMPAS,0.03,0.6420454545454546,0.0025621355664473,0.0297869999999988
0,48,COMPAS,0.06,0.6429924242424242,0.0178782645499446,0.0297860000000014
0,48,COMPAS,0.09,0.6553030303030303,0.0846789583671865,0.0307789999999954
0,48,COMPAS,0.12,0.6553030303030303,0.0846789583671865,0.0297850000000039
0,48,COMPAS,0.15,0.6619318181818182,0.1438914984714103,0.0297899999999913
0,48,COMPAS,0.18,0.6638257575757576,0.1696337808882825,0.0297820000000115
0,48,COMPAS,0.21,0.6638257575757576,0.1696337808882825,0.0297860000000014
0,48,COMPAS,0.24,0.6638257575757576,0.1696337808882825,0.0297889999999938
0,48,COMPAS,0.2699999999999999,0.6638257575757576,0.1696337808882825,0.0297869999999988
0,49,COMPAS,0.0,0.6676136363636364,0.2487201619143996,0.0304450000000144
0,49,COMPAS,0.03,0.6676136363636364,0.0154324662182273,0.0301340000000038
0,49,COMPAS,0.06,0.6666666666666666,0.0312518602297756,0.0299899999999979
0,49,COMPAS,0.09,0.6628787878787878,0.065658670158938,0.0303109999999833
0,49,COMPAS,0.12,0.6609848484848485,0.0884874099648788,0.0301949999999919
0,49,COMPAS,0.15,0.6609848484848485,0.0924162152509078,0.0300870000000088
0,49,COMPAS,0.18,0.6609848484848485,0.0924162152509078,0.0301330000000348
0,49,COMPAS,0.21,0.6609848484848485,0.0924162152509078,0.0301369999999963
0,49,COMPAS,0.24,0.6609848484848485,0.0924162152509078,0.0303590000000326
0,49,COMPAS,0.2699999999999999,0.6676136363636364,0.2487201619143996,0.0304309999999929
