seed,dataset,level,acc,disparity,time
0,Lawschool,0,0.7943815571507454,0.0742065376697388,132.42566799999997
0,Lawschool,1,0.7938293760353395,0.0469462445094238,131.56428400000004
0,Lawschool,2,0.7937948647156268,0.0525338586985957,133.44125199999985
0,Lawschool,4,0.792932081722805,0.0351230192532664,134.191376
0,Lawschool,6,0.7914826062948647,0.0102542137332962,132.44190100000014
0,Lawschool,10,0.7921728326891221,0.0125390396846805,134.53017899999986
0,Lawschool,15,0.7911029817780232,0.0056313032990568,133.77357400000005
0,Lawschool,25,0.7917586968525676,0.0070460229640567,131.44084399999997
0,Lawschool,35,0.7927940364439536,0.0127816739357712,133.4274720000003
0,Lawschool,50,0.7908614025400331,0.0050157147016518,132.12251100000003
1,Lawschool,0,0.7891703478741027,0.072224797250412,132.7809000000001
1,Lawschool,1,0.7884110988404197,0.047234535890859,133.80400199999983
1,Lawschool,2,0.7877208724461623,0.030760067004944,132.2826500000001
1,Lawschool,4,0.7868926007730536,0.0255616078398572,132.82926199999997
1,Lawschool,6,0.7867200441744893,0.0154992495632132,132.53320099999996
1,Lawschool,10,0.7864439536167863,0.0167580124035042,134.19698100000005
1,Lawschool,15,0.786271397018222,0.0083617748101061,132.88235299999997
1,Lawschool,25,0.7868580894533407,0.0124664278279617,133.158772
1,Lawschool,35,0.7866510215350635,0.0227490187787318,130.25018799999998
1,Lawschool,50,0.7853395913859746,0.0011758972714768,131.72930199999996
2,Lawschool,0,0.7881004969630039,0.0753722288918631,130.81612400000006
2,Lawschool,1,0.7882040309221424,0.0429912598439382,134.34588799999997
2,Lawschool,2,0.7881695196024296,0.0354164748907991,132.56974200000002
2,Lawschool,4,0.7871686913307565,0.0100756887071718,133.97753899999998
2,Lawschool,6,0.7876863611264495,0.0172632487565879,133.35495200000014
2,Lawschool,10,0.7876173384870238,0.0102948971966115,132.1351569999997
2,Lawschool,15,0.787030646051905,0.0002244985795926,133.1395690000004
2,Lawschool,25,0.786029817780232,4.782895942356813e-05,134.12334899999996
2,Lawschool,35,0.7857882385422419,0.0084116432811858,134.11756100000002
2,Lawschool,50,0.7859262838210933,0.0093613992835036,130.25802599999997
3,Lawschool,0,0.789101325234677,0.0858702571969568,132.13375499999995
3,Lawschool,1,0.7890323025952513,0.058757875202471,133.23380100000008
3,Lawschool,2,0.7882730535615682,0.0457234041090501,131.37356999999997
3,Lawschool,4,0.7894464384318056,0.0479535338185245,134.08130699999992
3,Lawschool,6,0.7874792932081722,0.018852521319474,131.84463600000004
3,Lawschool,10,0.787272225289895,0.0199840440237637,130.73729000000003
3,Lawschool,15,0.7870996686913307,0.0167126972272859,130.82228299999997
3,Lawschool,25,0.7877553837658752,0.0243196367506039,132.68984
3,Lawschool,35,0.7871341800110436,0.0041903628323018,134.41103799999996
3,Lawschool,50,0.787548315847598,0.0209703732715583,132.75522300000011
4,Lawschool,0,0.7899641082274986,0.0708515410126898,133.186515
4,Lawschool,1,0.7891358365543898,0.0442386853269073,131.51614900000004
4,Lawschool,2,0.7888942573163997,0.0315793878694573,131.92548399999998
4,Lawschool,4,0.7887562120375483,0.0152610170411082,133.968298
4,Lawschool,6,0.7889287686361126,0.0214613499301968,131.083801
4,Lawschool,10,0.7889287686361126,0.0244731589253816,130.80793299999982
4,Lawschool,15,0.7883765875207068,0.0082842592435763,133.2392890000001
4,Lawschool,25,0.7882385422418553,0.0100608849973485,131.01606300000003
4,Lawschool,35,0.7891703478741027,0.0120255782802449,132.88406699999996
4,Lawschool,50,0.788065985643291,0.0122961777270856,133.29452900000024
5,Lawschool,0,0.7879279403644396,0.0874645658909618,132.23095
5,Lawschool,1,0.7874102705687466,0.0651910939220584,132.01298099999997
5,Lawschool,2,0.787272225289895,0.0460294997350834,133.23353899999995
5,Lawschool,4,0.7861678630590834,0.0335323747506488,132.9367830000001
5,Lawschool,6,0.7867890668139149,0.0433616317880277,132.78609199999983
5,Lawschool,10,0.7856156819436775,0.0255693507470157,133.04902200000015
5,Lawschool,15,0.7848564329099945,0.0247147325319914,131.95977700000003
5,Lawschool,25,0.7858572611816675,0.025862419212673,131.4463639999999
5,Lawschool,35,0.7852705687465489,0.019613636974043,133.1328269999999
5,Lawschool,50,0.785236057426836,0.0079799444774064,134.3487850000001
6,Lawschool,0,0.7860643290999448,0.0835562674033489,134.85583799999995
6,Lawschool,1,0.7865819988956377,0.061457388150794,131.65676499999995
6,Lawschool,2,0.786271397018222,0.0456333492515581,133.91641600000003
6,Lawschool,4,0.7858227498619548,0.0226317573076611,130.970726
6,Lawschool,6,0.7848564329099945,0.0167616599782196,133.55384300000014
6,Lawschool,10,0.786029817780232,0.0341233313942483,133.22711099999992
6,Lawschool,15,0.7854431253451132,0.0157462083723548,133.03366899999992
6,Lawschool,25,0.7859953064605191,0.0257052617443047,133.12184200000002
6,Lawschool,35,0.7859953064605191,0.0060300445261037,132.67973099999995
6,Lawschool,50,0.7864094422970734,0.0157282138574035,134.44126099999994
7,Lawschool,0,0.7924834345665378,0.0779457366663036,133.4538080000001
7,Lawschool,1,0.7920347874102706,0.056019196443775,133.0497959999999
7,Lawschool,2,0.791931253451132,0.0474538824811055,132.61875999999995
7,Lawschool,4,0.7909994478188846,0.024428488802215,133.23044400000003
7,Lawschool,6,0.791413583655439,0.0241456847438329,133.10445200000004
7,Lawschool,10,0.7905853119823302,0.0207608732907262,132.4418619999999
7,Lawschool,15,0.7909304251794589,0.0268883512046937,133.84152799999993
7,Lawschool,25,0.7912410270568746,0.0152820651224657,132.7587040000003
7,Lawschool,35,0.7903437327443401,0.0117620729167237,132.93353999999977
7,Lawschool,50,0.7903437327443401,0.0138418851213303,133.31514600000014
8,Lawschool,0,0.7909649364991718,0.0724324376846232,132.68289700000014
8,Lawschool,1,0.7909649364991718,0.0432428828263858,131.26673199999993
8,Lawschool,2,0.7910339591385974,0.032337433300695,133.22632599999986
8,Lawschool,4,0.790378244064053,0.0266042248505094,130.6122620000001
8,Lawschool,6,0.7899986195472115,0.0114560885195904,134.27793799999995
8,Lawschool,10,0.7902056874654887,0.0109363256294092,134.4408249999999
8,Lawschool,15,0.79010215350635,0.0118225612774199,133.8754240000003
8,Lawschool,25,0.7905508006626173,0.023205412187837,133.74801799999975
8,Lawschool,35,0.7880314743235781,0.0018005547994231,132.67739900000015
8,Lawschool,50,0.7890323025952513,0.0009785792472032,130.70435699999985
9,Lawschool,0,0.7912755383765875,0.0705818130251845,134.02934099999993
9,Lawschool,1,0.7902056874654887,0.0440943810787629,134.11756300000013
9,Lawschool,2,0.7894809497515185,0.0265577823678807,134.10122999999987
9,Lawschool,4,0.7896189950303699,0.0212523078095968,133.6605750000001
9,Lawschool,6,0.7893429044726671,0.0158056433118694,133.17009699999994
9,Lawschool,10,0.7889632799558255,0.0053180993623434,133.14949000000024
9,Lawschool,15,0.7887217007178354,0.0083186637491651,133.10609399999976
9,Lawschool,25,0.7897225289895086,0.0197246453813285,132.77713500000004
9,Lawschool,35,0.7886871893981225,0.0062712506708646,132.3284259999998
9,Lawschool,50,0.7889977912755384,0.0088731280250811,133.26669100000026
10,Lawschool,0,0.791172004417449,0.0818280832393517,132.21464800000012
10,Lawschool,1,0.7901711761457758,0.0579373233017658,132.6896099999999
10,Lawschool,2,0.7910339591385974,0.0426691475227486,132.0352240000002
10,Lawschool,4,0.790895913859746,0.0257616369787885,132.63936199999944
10,Lawschool,6,0.7897915516289343,0.0182988884425837,132.12567000000035
10,Lawschool,10,0.7905508006626173,0.0247284833691235,132.5628429999997
10,Lawschool,15,0.7899986195472115,0.0208028858780453,132.83797300000015
10,Lawschool,25,0.7903437327443401,0.0175596525514066,134.27135800000042
10,Lawschool,35,0.790378244064053,0.0156541117582536,135.89543799999956
10,Lawschool,50,0.7904472667034788,0.0112565465247416,135.50873500000034
11,Lawschool,0,0.7896535063500828,0.0775076946643759,132.47681999999986
11,Lawschool,1,0.788859745996687,0.0560156630632097,133.2849670000005
11,Lawschool,2,0.7889977912755384,0.0367084374055025,133.60724299999947
11,Lawschool,4,0.7882385422418553,0.0197858617564183,132.8871640000002
11,Lawschool,6,0.7894119271120927,0.0358606832772714,130.63506099999995
11,Lawschool,10,0.7878244064053009,0.0099040630092581,131.9686139999999
11,Lawschool,15,0.7868580894533407,0.0045612351146453,133.00177799999983
11,Lawschool,25,0.7886181667586969,0.0102186466504048,133.1660170000005
11,Lawschool,35,0.7869616234124793,0.0034427215731987,131.81308999999965
11,Lawschool,50,0.7877553837658752,0.0014557135928238,134.72441800000024
12,Lawschool,0,0.7873412479293208,0.0828590710143454,132.68547399999989
12,Lawschool,1,0.7871341800110436,0.0560425326223435,133.76516300000003
12,Lawschool,2,0.7869271120927664,0.046353688383812,134.989826
12,Lawschool,4,0.7861678630590834,0.0380977514991483,134.0686939999996
12,Lawschool,6,0.7862023743787963,0.0345799209625535,131.9458110000005
12,Lawschool,10,0.786271397018222,0.0206747020311096,133.28117999999995
12,Lawschool,15,0.7859607951408062,0.016003085537206,131.7633879999994
12,Lawschool,25,0.7860643290999448,0.0125993416824482,132.65437500000007
12,Lawschool,35,0.7855466593042518,0.0059824476984323,132.0581890000003
12,Lawschool,50,0.7851325234676974,0.0122828834886726,134.46352099999967
13,Lawschool,0,0.7910684704583103,0.0789001186176164,132.87537299999985
13,Lawschool,1,0.7911029817780232,0.048348728525346,133.173632
13,Lawschool,2,0.7909994478188846,0.0500243851731918,133.1305339999999
13,Lawschool,4,0.7896880176697957,0.0168010835792078,131.94015100000024
13,Lawschool,6,0.7898950855880729,0.0234179368925213,132.7754549999995
13,Lawschool,10,0.7898950855880729,0.0245185046565406,132.81434200000058
13,Lawschool,15,0.7904127553837659,0.0194736790199178,132.03251999999975
13,Lawschool,25,0.7896535063500828,0.0160242815442206,132.82329299999992
13,Lawschool,35,0.7897225289895086,0.0163547706378515,133.02258500000016
13,Lawschool,50,0.7881695196024296,0.0048799902318855,133.95917599999984
14,Lawschool,0,0.7902056874654887,0.0668710668887341,132.8942339999994
14,Lawschool,1,0.7902056874654887,0.0417489289871178,131.04707700000017
14,Lawschool,2,0.7892393705135284,0.0287097631959084,132.31293499999992
14,Lawschool,4,0.7895844837106571,0.0242119083037416,132.8266010000002
14,Lawschool,6,0.7893429044726671,0.0172313740928615,134.11005000000023
14,Lawschool,10,0.7891358365543898,0.0120603419587013,133.1044909999996
14,Lawschool,15,0.7900331308669244,0.0217421639671828,132.81607600000007
14,Lawschool,25,0.7888252346769741,0.010285203737011,132.91174200000023
14,Lawschool,35,0.7888252346769741,0.0072751872799763,135.59899399999995
14,Lawschool,50,0.7884801214798454,0.0048954903191851,134.0562070000001
15,Lawschool,0,0.7909304251794589,0.0708345265714317,133.13638200000014
15,Lawschool,1,0.7908614025400331,0.0545518023789013,132.66718599999967
15,Lawschool,2,0.7895499723909443,0.0315915825216415,133.1111610000003
15,Lawschool,4,0.788583655438984,0.0215003630922084,133.44590299999982
15,Lawschool,6,0.7893083931529542,0.0252019615868153,131.3577360000004
15,Lawschool,10,0.7882040309221424,0.0097520886014553,133.16715399999975
15,Lawschool,15,0.7888942573163997,0.0240867912117385,132.33750199999986
15,Lawschool,25,0.7874792932081722,0.0017305817166164,132.7768460000002
15,Lawschool,35,0.7880314743235781,0.0028480709349614,133.6602409999996
15,Lawschool,50,0.7868926007730536,0.0155433030453755,134.53101900000047
16,Lawschool,0,0.788583655438984,0.0697834895102846,132.29183799999964
16,Lawschool,1,0.7873757592490337,0.0427536359913839,131.9819980000002
16,Lawschool,2,0.7878589177250138,0.0385302858791569,133.3852109999998
16,Lawschool,4,0.7875138045278851,0.0222464745629244,132.1692890000004
16,Lawschool,6,0.7878589177250138,0.0233788799530864,135.04149299999972
16,Lawschool,10,0.7885491441192711,0.0253039473262983,133.28875499999958
16,Lawschool,15,0.7873412479293208,0.0120268681894059,133.0982410000006
16,Lawschool,25,0.787789895085588,0.0248195057917958,133.3351779999998
16,Lawschool,35,0.7874102705687466,0.0143469288863542,135.0132410000001
16,Lawschool,50,0.7874447818884595,0.0025215037814325,134.7281250000001
17,Lawschool,0,0.7910684704583103,0.0747434348354142,133.2970519999999
17,Lawschool,1,0.7911374930977361,0.0476317872296582,134.35896200000025
17,Lawschool,2,0.7907233572611817,0.0397174504900262,133.22558100000015
17,Lawschool,4,0.7900676421866372,0.0174660619003462,133.02493399999958
17,Lawschool,6,0.7899986195472115,0.0171997984632628,135.07451500000025
17,Lawschool,10,0.7894119271120927,0.0093992261676173,133.45214099999976
17,Lawschool,15,0.7894464384318056,0.0163520289488555,134.62465500000053
17,Lawschool,25,0.7893429044726671,0.0153982028730302,132.7953419999999
17,Lawschool,35,0.7892393705135284,0.0098105734196304,134.12055699999974
17,Lawschool,50,0.7886871893981225,0.0009926581930693,135.20044700000017
18,Lawschool,0,0.7881004969630039,0.080195351030106,132.26096099999995
18,Lawschool,1,0.7881350082827168,0.0536057975644708,134.3481859999997
18,Lawschool,2,0.7885146327995582,0.0378583736049678,131.37366199999997
18,Lawschool,4,0.7878934290447267,0.0278925011011371,132.61534500000016
18,Lawschool,6,0.7873757592490337,0.0190652780448767,133.863335
18,Lawschool,10,0.7874447818884595,0.0184855332295265,133.65020100000038
18,Lawschool,15,0.787030646051905,0.0163230007382271,134.39221599999928
18,Lawschool,25,0.787789895085588,0.0225169939577039,134.16704400000071
18,Lawschool,35,0.7874102705687466,0.0141883843992133,135.0286269999997
18,Lawschool,50,0.7879624516841524,0.0122734138972809,135.35995200000025
19,Lawschool,0,0.7910339591385974,0.0715730973819821,132.652877
19,Lawschool,1,0.7905162893429045,0.0431657183171379,132.75005299999975
19,Lawschool,2,0.7901366648260629,0.0380942000231397,134.86533000000054
19,Lawschool,4,0.7894464384318056,0.0281377727339495,135.01628299999993
19,Lawschool,6,0.7897915516289343,0.0193824387247484,133.343656
19,Lawschool,10,0.7892393705135284,0.0077448219940283,133.84035799999992
19,Lawschool,15,0.78986057426836,0.0159705930257345,133.2572269999996
19,Lawschool,25,0.788859745996687,0.0095219965528208,134.96344500000032
19,Lawschool,35,0.7883765875207068,0.0108565771322171,133.70282499999985
19,Lawschool,50,0.7882730535615682,0.0032892995820516,134.91204400000015
20,Lawschool,0,0.788859745996687,0.0680620635800604,135.1039409999994
20,Lawschool,1,0.7887907233572612,0.0332684559020054,134.40815199999997
20,Lawschool,2,0.7881695196024296,0.0411862847195721,135.092576
20,Lawschool,4,0.7871341800110436,0.0184301469015617,133.5113879999999
20,Lawschool,6,0.7870996686913307,0.0086597260885849,136.12369500000025
20,Lawschool,10,0.7874792932081722,0.0260273586859217,135.970507
20,Lawschool,15,0.7874447818884595,0.0063961128732659,135.2868500000004
20,Lawschool,25,0.7873757592490337,0.0115899027825043,137.656019
20,Lawschool,35,0.7866855328547764,0.000405731129756,135.21734399999968
20,Lawschool,50,0.7879279403644396,0.0016327533004996,136.92227000000003
21,Lawschool,0,0.7909994478188846,0.0804081723534935,134.77137399999992
21,Lawschool,1,0.791931253451132,0.0667381125192935,135.36902199999986
21,Lawschool,2,0.7899295969077857,0.0403697750692915,135.7387090000002
21,Lawschool,4,0.7901711761457758,0.0307444080773581,134.41327600000022
21,Lawschool,6,0.7889287686361126,0.018215058385083,136.03893599999992
21,Lawschool,10,0.7894809497515185,0.0175304499904919,135.77027199999975
21,Lawschool,15,0.7888942573163997,0.0082401677421829,135.15364299999965
21,Lawschool,25,0.7884801214798454,0.0074862331460091,134.2870950000006
21,Lawschool,35,0.7881695196024296,0.0231652214268426,136.0281270000005
21,Lawschool,50,0.7893429044726671,0.0098871147263801,135.49960699999974
22,Lawschool,0,0.7909994478188846,0.0771199410272847,136.5933759999998
22,Lawschool,1,0.7912065157371618,0.0420275507816291,133.8391389999997
22,Lawschool,2,0.7905853119823302,0.0291307909427932,134.3333419999999
22,Lawschool,4,0.7911029817780232,0.0339937441494159,135.62209299999995
22,Lawschool,6,0.7899295969077857,0.0165104288952463,136.22031900000002
22,Lawschool,10,0.7889287686361126,0.0009422532060097,135.6335650000001
22,Lawschool,15,0.7886181667586969,0.0056079100113922,137.1799460000002
22,Lawschool,25,0.7888252346769741,0.0012865065292881,136.65575499999977
22,Lawschool,35,0.7894464384318056,0.0122925756544548,136.39272400000027
22,Lawschool,50,0.7877208724461623,0.0148521648519105,134.89373400000022
23,Lawschool,0,0.78986057426836,0.0800315790636733,132.43698200000017
23,Lawschool,1,0.78986057426836,0.0542377978409358,133.6289029999998
23,Lawschool,2,0.7897570403092214,0.0408957351639631,134.03280599999923
23,Lawschool,4,0.7892048591938156,0.0292026544211735,135.19752700000026
23,Lawschool,6,0.7885146327995582,0.0326417668985756,136.23275700000067
23,Lawschool,10,0.7886181667586969,0.0190798399637119,135.61950799999977
23,Lawschool,15,0.788342076200994,0.0137951003123632,135.4508390000001
23,Lawschool,25,0.7883075648812811,0.0054283102803494,135.943851
23,Lawschool,35,0.7891358365543898,0.0114894152421876,136.21821900000032
23,Lawschool,50,0.7888252346769741,0.000794008886619,135.18468999999914
24,Lawschool,0,0.7880314743235781,0.0721742585243581,132.12066799999957
24,Lawschool,1,0.787789895085588,0.0533166991932311,134.99293800000032
24,Lawschool,2,0.787272225289895,0.0359145744495662,137.85321600000043
24,Lawschool,4,0.7868580894533407,0.0275521947692855,134.5925019999995
24,Lawschool,6,0.7868926007730536,0.022178202504129,135.4470940000001
24,Lawschool,10,0.7867545554942021,0.0288215308829599,136.06473000000005
24,Lawschool,15,0.7859607951408062,0.012627365796068,137.92678799999976
24,Lawschool,25,0.7850289895085588,0.0138330342433893,135.08413699999983
24,Lawschool,35,0.7859607951408062,0.0146749412835035,136.35934300000008
24,Lawschool,50,0.7858917725013804,0.0067798954016088,136.9091500000004
25,Lawschool,0,0.7865474875759249,0.083525362877461,136.27177800000027
25,Lawschool,1,0.7864094422970734,0.0547816310544765,135.1241119999995
25,Lawschool,2,0.7856501932633904,0.0466552791474249,134.09097500000007
25,Lawschool,4,0.7856156819436775,0.0285009749736551,134.02953499999967
25,Lawschool,6,0.7846493649917173,0.028212949557166,136.9358940000002
25,Lawschool,10,0.7850289895085588,0.0197023924041606,134.77597100000003
25,Lawschool,15,0.7843387631143015,0.0149085690760747,135.1102920000003
25,Lawschool,25,0.7846493649917173,0.0176165244821392,135.6191319999998
25,Lawschool,35,0.7849944781888459,0.016115325657385,134.85443399999986
25,Lawschool,50,0.7852705687465489,0.0165648301310776,135.51701500000036
26,Lawschool,0,0.7856156819436775,0.0975314822327401,132.76926900000035
26,Lawschool,1,0.7859262838210933,0.0707662632554591,133.18754199999967
26,Lawschool,2,0.7856847045831032,0.0510589532808807,134.7705189999997
26,Lawschool,4,0.7853050800662618,0.0366447987139235,134.80027800000062
26,Lawschool,6,0.7861678630590834,0.0373633852712015,135.87609499999962
26,Lawschool,10,0.7856156819436775,0.0314114855355112,136.4374170000001
26,Lawschool,15,0.7855121479845389,0.0227410431539727,138.9002329999994
26,Lawschool,25,0.785236057426836,0.0148345321062548,135.74363600000106
26,Lawschool,35,0.7852015461071231,0.0086218300601553,135.91986499999985
26,Lawschool,50,0.7854086140254003,0.0206702882360216,135.3270419999999
27,Lawschool,0,0.7891358365543898,0.0723189852794466,133.8924820000002
27,Lawschool,1,0.7886871893981225,0.0544257455007098,137.5914590000002
27,Lawschool,2,0.7871341800110436,0.0360902600443423,134.28082900000027
27,Lawschool,4,0.7871341800110436,0.0148611933173095,136.10456499999964
27,Lawschool,6,0.7868926007730536,0.0192418158774639,136.96424799999932
27,Lawschool,10,0.7863749309773606,0.0151215835928715,135.48823800000082
27,Lawschool,15,0.7862023743787963,0.0098588955596633,136.82611799999995
27,Lawschool,25,0.7854431253451132,0.0010494758492491,135.05829599999925
27,Lawschool,35,0.7872032026504694,0.0234550525652837,137.06089800000063
27,Lawschool,50,0.7875138045278851,0.0347195447074867,135.7537029999994
28,Lawschool,0,0.7902056874654887,0.070838303614097,133.9973769999997
28,Lawschool,1,0.7897225289895086,0.0456201550408856,133.39124100000026
28,Lawschool,2,0.7897915516289343,0.0352011216192011,132.72691399999985
28,Lawschool,4,0.7896535063500828,0.0261919375172957,134.81910499999958
28,Lawschool,6,0.7901366648260629,0.0417958903098322,136.3913160000011
28,Lawschool,10,0.7893083931529542,0.0162447878519954,134.98278599999958
28,Lawschool,15,0.7893083931529542,0.0134902148752559,134.61706400000003
28,Lawschool,25,0.7897225289895086,0.0149811452186302,138.40263499999946
28,Lawschool,35,0.7894464384318056,0.0122265722418908,134.81923900000038
28,Lawschool,50,0.7894809497515185,0.0152076833070292,138.6918910000004
29,Lawschool,0,0.7903437327443401,0.0779168683464162,135.32860100000016
29,Lawschool,1,0.7887907233572612,0.0488141230723675,134.14733699999942
29,Lawschool,2,0.7880314743235781,0.0453106002266738,133.37590199999977
29,Lawschool,4,0.7878244064053009,0.0337729669911557,134.65115800000058
29,Lawschool,6,0.7876863611264495,0.0285466837600256,135.217893
29,Lawschool,10,0.7875138045278851,0.0181269103564643,137.61226599999918
29,Lawschool,15,0.7875828271673109,0.0208986706374372,137.44452300000012
29,Lawschool,25,0.7858917725013804,0.0011360883587293,136.09881900000073
29,Lawschool,35,0.7867890668139149,0.0260631049039827,136.08070000000043
29,Lawschool,50,0.7877553837658752,0.0148617788426732,139.30763799999932
30,Lawschool,0,0.789101325234677,0.0803613874373367,140.39168100000006
30,Lawschool,1,0.7892048591938156,0.0622881651790057,139.44199500000013
30,Lawschool,2,0.7884456101601325,0.0420896784071166,140.93202999999994
30,Lawschool,4,0.7884801214798454,0.0323304033673159,140.45804399999997
30,Lawschool,6,0.7883075648812811,0.030142137959891,140.12502699999914
30,Lawschool,10,0.7874102705687466,0.0278670841218677,138.36258799999996
30,Lawschool,15,0.7878589177250138,0.0184270459502385,142.98601700000108
30,Lawschool,25,0.7870651573716179,0.0076622184336795,138.81760699999995
30,Lawschool,35,0.7859953064605191,0.0008116079541084,140.95546099999956
30,Lawschool,50,0.7874792932081722,0.0069849376019804,140.4934029999995
31,Lawschool,0,0.7895844837106571,0.0726871476833008,139.15297700000065
31,Lawschool,1,0.7890323025952513,0.041311429869499,140.42546800000036
31,Lawschool,2,0.7893774157923799,0.0417206693507962,141.66872599999988
31,Lawschool,4,0.7877208724461623,0.012987832277001,138.3642319999999
31,Lawschool,6,0.787789895085588,0.0040486126612491,140.65359999999964
31,Lawschool,10,0.7868235781336278,0.0001680497650821,139.72393300000022
31,Lawschool,15,0.7874792932081722,0.0002715111593304,139.59108199999991
31,Lawschool,25,0.787789895085588,0.0042794265408434,140.39120000000003
31,Lawschool,35,0.7884456101601325,0.0025225949751629,140.25964300000032
31,Lawschool,50,0.7882385422418553,0.0023203631314936,143.61220799999955
32,Lawschool,0,0.7885491441192711,0.0736298984651948,140.3093829999998
32,Lawschool,1,0.7863059083379348,0.0381389480763307,139.1706720000002
32,Lawschool,2,0.7875138045278851,0.0475512978341154,138.58471200000076
32,Lawschool,4,0.7869616234124793,0.0267616251999658,139.7077819999995
32,Lawschool,6,0.7866165102153506,0.0205933169118852,140.68320099999983
32,Lawschool,10,0.7868235781336278,0.0212837295531541,138.71903100000054
32,Lawschool,15,0.7860643290999448,0.0144304543774035,141.17231999999967
32,Lawschool,25,0.7862368856985091,0.0112672641961311,141.24833900000067
32,Lawschool,35,0.7857882385422419,0.0124046340386114,140.15802099999928
32,Lawschool,50,0.784959966869133,0.0042768225888988,141.7447320000001
33,Lawschool,0,0.796038100496963,0.0747181145063574,137.81313299999965
33,Lawschool,1,0.7943470458310325,0.0428509790869697,139.76406300000053
33,Lawschool,2,0.7939674213141911,0.0378981557627345,141.76593899999898
33,Lawschool,4,0.7933462175593595,0.0205456587581998,140.17564500000117
33,Lawschool,6,0.7940364439536168,0.0218162061157787,141.50565499999902
33,Lawschool,10,0.7932771949199338,0.0171860612922313,140.0925360000001
33,Lawschool,15,0.7932771949199338,0.017042897596187,138.75903900000048
33,Lawschool,25,0.7927940364439536,0.0167486545523096,141.3034719999996
33,Lawschool,35,0.7930701270016566,0.0127013939706358,139.90734800000064
33,Lawschool,50,0.7930356156819437,0.0084283911778721,141.11201900000017
34,Lawschool,0,0.7892048591938156,0.0780131978106642,141.68847300000016
34,Lawschool,1,0.7884801214798454,0.0412738058440978,138.15186900000026
34,Lawschool,2,0.7883075648812811,0.0462247996899905,141.10894300000018
34,Lawschool,4,0.7880314743235781,0.0337459680357131,140.60453899999993
34,Lawschool,6,0.7881004969630039,0.0290884136675046,140.92205699999977
34,Lawschool,10,0.7877208724461623,0.0147126680399078,140.12954100000024
34,Lawschool,15,0.7875828271673109,0.0185649013347444,140.50960600000053
34,Lawschool,25,0.7885491441192711,0.0169551276235445,139.6948110000003
34,Lawschool,35,0.7878244064053009,0.0046417696348368,139.65400099999988
34,Lawschool,50,0.7879624516841524,0.0135263055822981,142.1328339999991
35,Lawschool,0,0.7954514080618443,0.0782546499362756,137.7300490000007
35,Lawschool,1,0.7942780231916069,0.0494984218275912,140.80349099999967
35,Lawschool,2,0.7939329099944782,0.0465353455515185,137.00115300000016
35,Lawschool,4,0.793725842076201,0.0420757026694591,138.01399300000048
35,Lawschool,6,0.7941744892324683,0.0290387022148173,138.14448999999968
35,Lawschool,10,0.7938638873550524,0.0294025499766814,140.13683000000037
35,Lawschool,15,0.792690502484815,0.0108671462662137,142.03908499999943
35,Lawschool,25,0.7934152401987852,0.0188765010598735,139.3596720000005
35,Lawschool,35,0.7938293760353395,0.0329421696000484,140.77405999999974
35,Lawschool,50,0.7930011043622308,0.0158983963158504,140.22766500000034
36,Lawschool,0,0.7887562120375483,0.0709888206336526,139.6617639999995
36,Lawschool,1,0.7877553837658752,0.0336423149673159,140.18705900000077
36,Lawschool,2,0.7878244064053009,0.0327712503644721,141.29640800000016
36,Lawschool,4,0.7872377139701823,0.0167609159484082,139.53961000000072
36,Lawschool,6,0.7883765875207068,0.0347520045938032,140.763125999998
36,Lawschool,10,0.7861333517393705,0.0089382533193725,139.8189000000002
36,Lawschool,15,0.7861333517393705,0.0113009958413308,138.14316800000051
36,Lawschool,25,0.7858572611816675,0.005868300274222,140.06061600000066
36,Lawschool,35,0.785236057426836,0.0065689701499572,141.16267499999958
36,Lawschool,50,0.7852705687465489,0.0033732846216803,140.22713399999975
37,Lawschool,0,0.7908614025400331,0.075676508133486,140.06900300000052
37,Lawschool,1,0.7920002760905577,0.05118181418013,139.3671349999995
37,Lawschool,2,0.7911029817780232,0.0353314387258493,140.43355099999917
37,Lawschool,4,0.7900331308669244,0.0245319710490469,139.10632400000122
37,Lawschool,6,0.7899641082274986,0.020397071619419,140.47020799999973
37,Lawschool,10,0.7881695196024296,0.011614341853037,141.0770169999996
37,Lawschool,15,0.7892738818332413,0.0170690024246392,140.16788300000007
37,Lawschool,25,0.7895499723909443,0.026788977991318,141.08117000000038
37,Lawschool,35,0.7894809497515185,0.0062437868994706,141.44863899999928
37,Lawschool,50,0.7886181667586969,0.004835542402244,142.3934390000004
38,Lawschool,0,0.7881695196024296,0.0775426824914983,141.48693000000094
38,Lawschool,1,0.7882730535615682,0.0518414608915218,141.59645900000032
38,Lawschool,2,0.7881350082827168,0.0381846037266838,137.95515400000022
38,Lawschool,4,0.7878589177250138,0.0329178489495896,138.82482899999923
38,Lawschool,6,0.7875828271673109,0.0269535971478437,140.95979700000044
38,Lawschool,10,0.7878589177250138,0.0275316502665916,141.44288600000073
38,Lawschool,15,0.7873757592490337,0.026814403822477,138.67520999999942
38,Lawschool,25,0.7868580894533407,0.0146130400048175,138.9119409999994
38,Lawschool,35,0.7865474875759249,0.0174832768207622,141.02420699999948
38,Lawschool,50,0.7863404196576477,0.0063393814574133,142.06234100000074
39,Lawschool,0,0.7899986195472115,0.067086723200067,139.95132000000012
39,Lawschool,1,0.7888942573163997,0.0451504469946174,139.35744299999988
39,Lawschool,2,0.7883765875207068,0.0294781397213432,140.92817699999978
39,Lawschool,4,0.7885491441192711,0.0295847162908386,138.91711300000043
39,Lawschool,6,0.787789895085588,0.0131187847897726,139.5057370000004
39,Lawschool,10,0.7883765875207068,0.0296324924123815,140.7410009999985
39,Lawschool,15,0.7866165102153506,0.0028542217439802,140.1917080000003
39,Lawschool,25,0.7878934290447267,0.0087515575800477,140.36346100000085
39,Lawschool,35,0.7878244064053009,0.007970412235201,143.53178300000036
39,Lawschool,50,0.7885146327995582,0.0079216603486488,141.3191769999994
40,Lawschool,0,0.7912410270568746,0.0669016058185377,141.70433200000116
40,Lawschool,1,0.7895499723909443,0.0289154202260119,140.26616399999875
40,Lawschool,2,0.7884456101601325,0.0224369912802968,139.6669580000016
40,Lawschool,4,0.7886526780784097,0.0149436945694541,141.94817899999907
40,Lawschool,6,0.7887907233572612,0.0176212668876827,139.8541350000014
40,Lawschool,10,0.7884110988404197,0.0091301581404358,141.44310999999834
40,Lawschool,15,0.7885146327995582,0.0088466593198184,141.01112100000137
40,Lawschool,25,0.7884110988404197,0.0007611996766312,140.34514099999978
40,Lawschool,35,0.7877208724461623,0.0018451086408089,141.90984299999946
40,Lawschool,50,0.7873757592490337,0.0063888451503794,144.46406100000058
41,Lawschool,0,0.7886526780784097,0.0753489925284805,142.40392699999938
41,Lawschool,1,0.7884801214798454,0.0497896250338432,139.67193000000043
41,Lawschool,2,0.7882730535615682,0.0350150611560221,141.54292800000076
41,Lawschool,4,0.7874792932081722,0.0200702967366117,140.59821999999986
41,Lawschool,6,0.7871686913307565,0.0085831090484081,138.60482500000035
41,Lawschool,10,0.7867200441744893,0.0049666574149641,143.24023999999918
41,Lawschool,15,0.7871686913307565,0.0169576173187982,138.7812869999998
41,Lawschool,25,0.7875828271673109,0.0298900392217098,141.6004750000011
41,Lawschool,35,0.7868235781336278,0.0092093245495627,140.7828239999999
41,Lawschool,50,0.7862368856985091,0.0024364220895658,140.38210399999844
42,Lawschool,0,0.7901366648260629,0.0764681105756313,140.2630479999989
42,Lawschool,1,0.7897915516289343,0.0495888993648646,139.17095700000027
42,Lawschool,2,0.7898950855880729,0.0412011314492243,142.73629399999845
42,Lawschool,4,0.7895154610712314,0.0296262354525518,140.38340100000278
42,Lawschool,6,0.7893083931529542,0.0255568658120148,141.46669499999916
42,Lawschool,10,0.7884801214798454,0.0123689864737961,140.8933079999988
42,Lawschool,15,0.7878244064053009,0.0013922828939956,142.30819300000076
42,Lawschool,25,0.7883765875207068,0.0033119986319653,139.17520199999854
42,Lawschool,35,0.7894809497515185,0.0108855747494719,138.92138700000214
42,Lawschool,50,0.7900331308669244,0.0168932329934984,139.90526899999895
43,Lawschool,0,0.7934152401987852,0.0753615558310011,138.25738199999978
43,Lawschool,1,0.7926214798453893,0.0587439371023757,141.8835629999994
43,Lawschool,2,0.7915171176145775,0.0351318633484869,142.14337199999864
43,Lawschool,4,0.7909994478188846,0.0224430031944151,141.7716849999997
43,Lawschool,6,0.7901366648260629,0.0137432026857862,140.33145400000103
43,Lawschool,10,0.7911029817780232,0.0229437836015393,139.36653000000115
43,Lawschool,15,0.7903437327443401,0.0120008088484387,142.16023399999904
43,Lawschool,25,0.7903437327443401,0.0095797476635391,142.21475699999974
43,Lawschool,35,0.7904817780231916,0.0062123082126908,138.9683160000004
43,Lawschool,50,0.7900331308669244,0.0183068347723541,137.7963090000012
44,Lawschool,0,0.7905508006626173,0.071424048522181,139.8653200000008
44,Lawschool,1,0.7904127553837659,0.0484395069750731,140.30289900000025
44,Lawschool,2,0.7897570403092214,0.0424766237099495,137.39727999999923
44,Lawschool,4,0.7897915516289343,0.0289835977213432,141.56144200000017
44,Lawschool,6,0.7891703478741027,0.0181176322733971,140.4674130000003
44,Lawschool,10,0.789101325234677,0.0190562939269184,140.17045099999996
44,Lawschool,15,0.789101325234677,0.0194772413762481,140.4718900000007
44,Lawschool,25,0.7886871893981225,0.0070634422149963,141.68505899999946
44,Lawschool,35,0.7873067366096079,0.0179326412652245,140.879363
44,Lawschool,50,0.788065985643291,0.0004737468656982,135.96623499999987
45,Lawschool,0,0.791172004417449,0.0809460345196995,141.26010599999972
45,Lawschool,1,0.7904472667034788,0.0508346329920522,140.62432900000022
45,Lawschool,2,0.7904817780231916,0.0429006618095342,140.71905999999944
45,Lawschool,4,0.7893774157923799,0.0160774400438714,142.26719100000082
45,Lawschool,6,0.7895499723909443,0.0248016570872261,141.7541309999997
45,Lawschool,10,0.7896880176697957,0.0258558518325695,143.93646500000068
45,Lawschool,15,0.7883765875207068,0.0112730913207658,140.50718199999935
45,Lawschool,25,0.7882730535615682,0.0167983060945421,142.4183350000003
45,Lawschool,35,0.7895499723909443,0.0268380109071586,141.57519899999895
45,Lawschool,50,0.7886526780784097,0.0216252478234752,124.29038000000035
46,Lawschool,0,0.788859745996687,0.0831429511098695,140.50805199999922
46,Lawschool,1,0.7889287686361126,0.0552529161397781,143.24580100000094
46,Lawschool,2,0.7894464384318056,0.0459486702719135,140.31979499999943
46,Lawschool,4,0.7890668139149641,0.039166999216388,140.2837639999998
46,Lawschool,6,0.7890323025952513,0.0378941365955686,143.2915920000014
46,Lawschool,10,0.7886181667586969,0.0236405632694516,141.40396399999918
46,Lawschool,15,0.7875828271673109,0.0079990683393741,141.29166299999997
46,Lawschool,25,0.7878934290447267,0.014965820145517,139.99594400000024
46,Lawschool,35,0.7881350082827168,0.016752310679988,141.79472800000076
46,Lawschool,50,0.7874792932081722,0.0112452136840138,129.0477379999993
47,Lawschool,0,0.7869616234124793,0.0805122131589386,141.89908099999957
47,Lawschool,1,0.7872377139701823,0.059068524517451,142.1560640000007
47,Lawschool,2,0.7868580894533407,0.0530816296888082,139.84140299999854
47,Lawschool,4,0.7862023743787963,0.0391145443146026,141.9860379999991
47,Lawschool,6,0.7865129762562121,0.0288641879781294,139.50909800000045
47,Lawschool,10,0.7855121479845389,0.0340771169689347,139.814934
47,Lawschool,15,0.7864439536167863,0.0259123403015338,141.99926200000118
47,Lawschool,25,0.7848909442297074,0.0249193329135163,141.60247399999935
47,Lawschool,35,0.7850980121479846,0.0296749835961737,140.42175100000168
47,Lawschool,50,0.7841316951960243,0.0098576956196165,117.923166999999
48,Lawschool,0,0.7881350082827168,0.0628756774431973,141.11416699999972
48,Lawschool,1,0.786271397018222,0.0362610843347851,141.4877520000009
48,Lawschool,2,0.7860988404196576,0.0271633196796644,141.6688209999993
48,Lawschool,4,0.7855811706239647,0.012897057656922,139.95500999999967
48,Lawschool,6,0.7853741027056874,0.0127033780737684,138.3596149999994
48,Lawschool,10,0.7849944781888459,0.0097561494718796,143.55823200000123
48,Lawschool,15,0.784959966869133,0.0061954731992732,142.02284099999997
48,Lawschool,25,0.785236057426836,0.0058174981086734,140.48337899999933
48,Lawschool,35,0.7846493649917173,0.0089629532169965,141.1716780000006
48,Lawschool,50,0.7855121479845389,0.0072467799076297,96.13184199999888
49,Lawschool,0,0.7893429044726671,0.0830577398491612,138.8801939999994
49,Lawschool,1,0.7891703478741027,0.055612049850906,142.37780200000088
49,Lawschool,2,0.7893429044726671,0.0394540769015117,143.71630299999742
49,Lawschool,4,0.7892048591938156,0.0304438412722685,140.4612180000022
49,Lawschool,6,0.7888252346769741,0.0235472405363069,140.9608360000002
49,Lawschool,10,0.7886871893981225,0.0192004799237768,139.946813999999
49,Lawschool,15,0.7886526780784097,0.0179176934643713,138.16857999999957
49,Lawschool,25,0.788583655438984,0.0156637377200876,142.50478400000063
49,Lawschool,35,0.7879624516841524,0.005755409434972,140.77804800000013
49,Lawschool,50,0.7884110988404197,0.0127520923147499,79.53958299999977
